<?xml version="1.0" encoding="ISO-8859-1" ?>
<?xml-stylesheet href="http://astro.nickshanks.com/stylesheets/extrasolar.xsl" type="text/xsl" ?>
<!DOCTYPE catalogue PUBLIC "-//Nicholas Shanks//DTD Extrasolar Planets 1.0//EN" "http://astro.nickshanks.com/dtds/extrasolar-10.dtd">

<catalogue>
<star>
	<name cat="hd">142</name>
	<mass cite="santos2004a">1.28</mass>
	<metallicity error="0.07" cite="santos2004a">0.14</metallicity>
	<teff error="56" cite="santos2004a">6302</teff>
	<position>00 06 19.0; &minus;49 04 30</position>
	<planet>
		<period>331.872</period>
		<mass>1.07</mass>
		<semimajor>0.97</semimajor>
		<eccentricity>0.37</eccentricity>
		<amplitude>31.6</amplitude>
		<reference cite="tinney2002" />
	</planet>
</star>
<star>
	<name cat="hd">1237</name>
	<name cat="gj">3021</name>
	<mass cite="santos2004a">0.99</mass>
	<metallicity error="0.06" cite="santos2004a">0.12</metallicity>
	<teff error="50" cite="santos2004a">5536</teff>
	<type>G6 V</type>
	<distance>17.62</distance>
	<position>00 16 12.7; &minus;79 51 04</position>
	<planet>
		<period error="0.2">133.82</period>
		<mass>3.31</mass>
		<semimajor>0.49</semimajor>
		<eccentricity error="0.018">0.505</eccentricity>
		<amplitude>164.0</amplitude>
		<reference cite="naef2001b" />
	</planet>
</star>
<star>
	<name cat="hd">2039</name>
	<mass cite="santos2004a">1.18</mass>
	<metallicity error="0.06" cite="santos2004a">0.32</metallicity>
	<teff error="51" cite="santos2004a">5976</teff>
	<position>00 24 20.0; &minus;56 39 00</position>
	<planet>
		<period>1192.582</period>
		<mass>4.85</mass>
		<semimajor>2.19</semimajor>
		<eccentricity>0.68</eccentricity>
		<amplitude>127.8</amplitude>
		<reference cite="tinney2003" />
	</planet>
</star>
<star>
	<name cat="hd">3651</name>
	<mass cite="santos2004a">0.76</mass>
	<metallicity error="0.04" cite="santos2004a">0.12</metallicity>
	<teff error="35" cite="santos2004a">5173</teff>
	<position>00 39 11.8; +21 15 01</position>
	<planet>
		<period>62.23</period>
		<mass>0.20</mass>
		<semimajor>0.284</semimajor>
		<eccentricity>0.63</eccentricity>
		<amplitude>15.9</amplitude>
		<reference cite="fischer2003a" />
	</planet>
</star>
<star>
	<name cat="hd">4203</name>
	<mass cite="santos2004a">1.06</mass>
	<metallicity error="0.05" cite="santos2004a">0.40</metallicity>
	<teff error="40" cite="santos2004a">5636</teff>
	<position>00 44 41.1; +20 26 57</position>
	<planet>
		<period>400.944</period>
		<mass>1.65</mass>
		<semimajor>1.09</semimajor>
		<eccentricity>0.46</eccentricity>
		<amplitude>49.3</amplitude>
		<reference cite="vogt2002" />
	</planet>
</star>
<star>
	<name cat="hd">4208</name>
	<mass cite="santos2004a">0.86</mass>
	<metallicity error="0.04" cite="santos2004a">&minus;0.24</metallicity>
	<teff error="32" cite="santos2004a">5626</teff>
	<position>00 44 26.6; &minus;26 30 57</position>
	<planet>
		<period>812.197</period>
		<mass>0.80</mass>
		<semimajor>1.67</semimajor>
		<eccentricity>0.05</eccentricity>
		<amplitude>18.2</amplitude>
		<reference cite="vogt2002" />
	</planet>
</star>
<star>
	<name cat="hd">6434</name>
	<mass cite="santos2004a">0.82</mass>
	<metallicity error="0.08" cite="santos2004a">&minus;0.52</metallicity>
	<teff error="59" cite="santos2004a">5835</teff>
	<type>G3 IV</type>
	<distance>40.32</distance>
	<luminosity>1.12</luminosity>
	<magnitude>7.72</magnitude>
	<position>01 04 40.2; &minus;39 29 18</position>
	<planet>
		<period error="0.03">22.090</period>
		<mass>0.48</mass>
		<semimajor>0.15</semimajor>
		<eccentricity error="0.05">0.30</eccentricity>
		<amplitude>37.0</amplitude>
		<temperature>650</temperature>
		<reference cite="queloz2000b" />
		<reference cite="mayor2004" />
	</planet>
</star>
<star>
	<name cat="hd">8574</name>
	<mass cite="santos2004a">1.18</mass>
	<metallicity error="0.07" cite="santos2004a">0.06</metallicity>
	<teff error="57" cite="santos2004a">6151</teff>
	<position>01 25 12.4; +28 34 02</position>
	<planet>
		<period>228.18</period>
		<mass>2.04</mass>
		<semimajor>0.77</semimajor>
		<eccentricity>0.31</eccentricity>
		<amplitude>64.0</amplitude>
		<reference cite="perrier2003" />
	</planet>
</star>
<star>
	<name cat="bf">50 &upsilon; Andromed&aelig;</name>
	<name cat="hd">9826</name>
	<name cat="hr">458</name>
	<mass cite="santos2004a">1.30</mass>
	<metallicity error="0.08" cite="santos2004a">0.13</metallicity>
	<teff error="64" cite="santos2004a">6212</teff>
	<type>F8 V</type>
	<distance>13.47</distance>
	<luminosity>5.5</luminosity>
	<position>01 36 48.0; +41 24 23</position>
	<planet>
		<period error="0.0003">4.6170</period>
		<mass>0.69</mass>
		<semimajor>0.059</semimajor>
		<eccentricity>0.01</eccentricity>
		<amplitude>70.2</amplitude>
		<reference cite="naef2004" />
		<reference cite="fischer2003b" />
		<reference cite="butler1999" />
		<reference cite="butler1997" />
	</planet>
	<planet>
		<period>241.5</period>
		<mass>1.89</mass>
		<semimajor>0.829</semimajor>
		<eccentricity>0.28</eccentricity>
		<amplitude>53.9</amplitude>
		<reference cite="naef2004" />
		<reference cite="fischer2003b" />
		<reference cite="butler1999" />
	</planet>
	<planet>
		<period>1284</period>
		<mass>3.75</mass>
		<semimajor>2.53</semimajor>
		<eccentricity>0.27</eccentricity>
		<amplitude>61.1</amplitude>
		<reference cite="naef2004" />
		<reference cite="fischer2003b" />
		<reference cite="butler1999" />
	</planet>
</star>
<star>
	<name cat="hd">10647</name>
	<type cite="hip">F8 V</type>
	<mass cite="santos2004a">1.14</mass>
	<metallicity error="0.04" cite="santos2004a">&minus;0.03</metallicity>
	<teff error="31" cite="santos2004a">6143</teff>
	<luminosity>1.51</luminosity>
	<period cite="udry2003x">7.2</period>
	<distance cite="hip">17.4</distance>
	<planet>
		<period error="37">1040</period>
		<amplitude error="1">18</amplitude>
		<eccentricity error="0.08">0.18</eccentricity>
		<mass>0.91</mass>
		<semimajor>2.1</semimajor>
		<reference cite="mayor2003" />
	</planet>
</star>
<star>
	<name cat="hd">10697</name>
	<type>G5 IV</type>
	<mass cite="santos2004a">1.22</mass>
	<metallicity error="0.04" cite="santos2004a">0.14</metallicity>
	<teff error="28" cite="santos2004a">5641</teff>
	<distance>30</distance>
	<position>01 44 55.8; +20 04 58</position>
	<planet>
		<period>1077.906</period>
		<mass>6.12</mass>
		<semimajor>2.13</semimajor>
		<eccentricity>0.11</eccentricity>
		<amplitude>114.2</amplitude>
		<reference cite="vogt2000" />
	</planet>
</star>
<star>
	<name cat="hd">12661</name>
	<type>G6 V</type>
	<mass cite="santos2004a">1.05</mass>
	<metallicity error="0.05" cite="santos2004a">0.36</metallicity>
	<teff error="36" cite="santos2004a">5702</teff>
	<distance>37</distance>
	<position>02 04 34.4; +25 24 53</position>
	<planet>
		<period>263</period>
		<mass>2.3</mass>
		<semimajor>0.82</semimajor>
		<eccentricity>0.33</eccentricity>
		<amplitude>75.0</amplitude>
		<reference cite="fischer2003b" />
		<reference cite="fischer2001" />
	</planet>
	<planet>
		<period>1530</period>
		<mass>1.5</mass>
		<semimajor>2.6</semimajor>
		<eccentricity>0.20</eccentricity>
		<amplitude>27.0</amplitude>
		<reference cite="fischer2003b" />
	</planet>
</star>
<star>
	<name cat="hd">13445</name>
	<name cat="gj">86</name>
	<type>K1 V</type>
	<mass cite="santos2004a">0.70</mass>
	<metallicity cite="santos2004a">&minus;0.24</metallicity>
	<teff cite="santos2004a">5163</teff>
	<distance>10.91</distance>
	<luminosity>0.4</luminosity>
	<position>02 10 25.6; &minus;50 49 28</position>
	<planet>
		<period>15.766</period>
		<mass>4.01</mass>
		<semimajor>0.11</semimajor>
		<eccentricity>0.04</eccentricity>
		<amplitude>375.9</amplitude>
		<reference cite="butler2000b" />
		<reference cite="queloz2000a" />
	</planet>
</star>
<star>
	<name cat="hd">13507</name>
	<planet status="retracted">
		<period>1318.0</period>
		<reference cite="perrier2003" />
	</planet>
</star>
<star>
	<name cat="hd">16141</name>
	<type>G5 IV</type>
	<mass cite="santos2004a">1.05</mass>
	<metallicity error="0.04" cite="santos2004a">0.15</metallicity>
	<teff error="30" cite="santos2004a">5801</teff>
	<distance>35.9</distance>
	<position>02 35 19.9; &minus;03 33 38</position>
	<planet>
		<period>75.56</period>
		<mass>0.23</mass>
		<semimajor>0.35</semimajor>
		<eccentricity>0.21</eccentricity>
		<amplitude>11.2</amplitude>
		<reference cite="marcy2000" />
	</planet>
</star>
<star>
	<name cat="bf">&iota; Horologli</name>
	<name cat="hd">17051</name>
	<name cat="hr">810</name>
	<type>G0 V</type>
	<mass cite="santos2004a">1.32</mass>
	<metallicity error="0.06" cite="santos2004a">0.26</metallicity>
	<teff error="53" cite="santos2004a">6252</teff>
	<distance>17.2</distance>
	<luminosity>3.8</luminosity>
	<position>02 42 33.2; &minus;50 48 03</position>
	<planet>
		<period>311.288</period>
		<mass>1.94</mass>
		<semimajor>0.91</semimajor>
		<eccentricity>0.24</eccentricity>
		<amplitude>58.8</amplitude>
		<reference cite="naef2001b" />
		<reference cite="kurster2000" />
	</planet>
</star>
<star>
	<name cat="hd">19994</name>
	<type>F8 V</type>
	<mass cite="santos2004a">1.37</mass>
	<metallicity cite="santos2004a">0.24</metallicity>
	<teff cite="santos2004a">6190</teff>
	<distance>22.38</distance>
	<luminosity>3.87</luminosity>
	<magnitude>5.07</magnitude>
	<position>03 12 46.4; &minus;01 11 46</position>
	<planet>
		<period>454</period>
		<mass>2.0</mass>
		<semimajor>1.3</semimajor>
		<eccentricity>0.2</eccentricity>
		<amplitude>45.0</amplitude>
		<notes>T: 270 K</notes>
	</planet>
</star>
<star>
	<name cat="hd">20367</name>
	<mass cite="santos2004a">1.21</mass>
	<metallicity error="0.10" cite="santos2004a">0.17</metallicity>
	<teff error="79" cite="santos2004a">6138</teff>
	<position>03 17 40.0; +31 07 37</position>
	<planet>
		<period>469.5</period>
		<mass>1.17</mass>
		<semimajor>1.25</semimajor>
		<eccentricity>0.32</eccentricity>
		<amplitude>29.0</amplitude>
	</planet>
</star>
<star>
	<name cat="bf">18 &epsilon; Eridani</name>
	<name cat="hd">22049</name>
	<name cat="hr">1084</name>
	<name cat="hip">16537</name>
	<type>K2 V</type>
	<mass cite="santos2004a">0.73</mass>
	<metallicity error="0.04" cite="santos2004a">&minus;0.13</metallicity>
	<teff error="42" cite="santos2004a">5073</teff>
	<period>11</period>
	<temperature>5180</temperature>
	<position>03 32 56.4; &minus;09 27 30</position>
	<planet>
		<period>2548.667</period>
		<mass>0.92</mass>
		<semimajor>3.40</semimajor>
		<eccentricity>0.43</eccentricity>
		<amplitude>17.56</amplitude>
		<reference cite="hatzes2000" />
		<reference cite="prieto2000" />
		<reference cite="cumming1999" />
		<reference cite="gray1995" />
		<reference cite="drake1993" />
		<reference cite="campbell1988" />
	</planet>
</star>
<star>
	<name cat="hd">23079</name>
	<mass cite="santos2004a">1.01</mass>
	<metallicity error="0.06" cite="santos2004a">&minus;0.11</metallicity>
	<teff error="46" cite="santos2004a">5959</teff>
	<position>03 39 43.0; &minus;52 54 57</position>
	<planet>
		<period>738.459</period>
		<mass>2.61</mass>
		<semimajor>1.65</semimajor>
		<eccentricity>0.10</eccentricity>
		<amplitude>55.3</amplitude>
		<reference cite="tinney2002" />
	</planet>
</star>
<star>
	<name cat="hd">23596</name>
	<mass cite="santos2004a">1.30</mass>
	<metallicity error="0.05" cite="santos2004a">0.31</metallicity>
	<teff error="36" cite="santos2004a">6108</teff>
	<position>03 48 00.0; +40 31 50</position>
	<planet>
		<period>1548</period>
		<mass>8.1</mass>
		<semimajor>2.86</semimajor>
		<eccentricity>0.30</eccentricity>
		<amplitude>126.0</amplitude>
		<reference cite="perrier2003" />
	</planet>
</star>
<star>
	<name cat="bf">&epsilon; Reticuli</name>
	<name cat="hd">27442</name>
	<name cat="hr">1355</name>
	<mass>1.20</mass>
	<metallicity error="0.13" cite="santos2004a">0.39</metallicity>
	<teff error="107" cite="santos2004a">4825</teff>
	<position>04 16 28.9; &minus;59 18 07</position>
	<planet>
		<period>423.841</period>
		<mass>1.28</mass>
		<semimajor>1.18</semimajor>
		<eccentricity>0.07</eccentricity>
		<amplitude>30.7</amplitude>
		<reference cite="butler2001" />
	</planet>
</star>
<star>
	<name cat="hd">28185</name>
	<mass cite="santos2004a">0.98</mass>
	<metallicity error="0.05" cite="santos2004a">0.22</metallicity>
	<teff error="44" cite="santos2004a">5656</teff>
	<position>04 26 26.3; &minus;10 33 03</position>
	<planet>
		<period>383</period>
		<mass>5.7</mass>
		<semimajor>1.03</semimajor>
		<eccentricity>0.07</eccentricity>
		<amplitude>161.0</amplitude>
		<reference cite="santos2001" />
	</planet>
</star>
<star>
	<name cat="hd">30177</name>
	<mass cite="santos2004a">1.01</mass>
	<metallicity cite="santos2004a">0.39</metallicity>
	<teff cite="santos2004a">5588</teff>
	<position>04 41 54.0; &minus;58 01 15</position>
	<planet>
		<period>2819.654</period>
		<mass>9.17</mass>
		<semimajor>3.86</semimajor>
		<eccentricity>0.30</eccentricity>
		<amplitude>142.2</amplitude>
		<reference cite="tinney2003" />
	</planet>
</star>
<star>
	<name cat="hd">33636</name>
	<mass cite="santos2004a">1.16</mass>
	<metallicity error="0.06" cite="santos2004a">&minus;0.08</metallicity>
	<teff error="49" cite="santos2004a">6046</teff>
	<position>05 11 46.0; +04 24 13</position>
	<planet>
		<period>2447.292</period>
		<mass>9.28</mass>
		<semimajor>3.56</semimajor>
		<eccentricity>0.53</eccentricity>
		<amplitude>164.5</amplitude>
		<reference cite="perrier2003" />
		<reference cite="vogt2002" />
	</planet>
</star>
<star>
	<name cat="hd">37124</name>
	<type>G4 IV-V</type>
	<mass cite="santos2004a">0.75</mass>
	<metallicity error="0.04" cite="santos2004a">&minus;0.38</metallicity>
	<teff error="30" cite="santos2004a">5546</teff>
	<distance>33</distance>
	<position>05 37 02.5; +20 43 50</position>
	<planet>
		<period>153</period>
		<mass>0.72</mass>
		<semimajor>0.54</semimajor>
		<eccentricity>0.10</eccentricity>
		<amplitude>28.8</amplitude>
		<reference cite="butler2003" />
	</planet>
	<planet>
		<period>1595</period>
		<mass>1.3</mass>
		<semimajor>2.5</semimajor>
		<eccentricity>0.69</eccentricity>
		<amplitude>32.4</amplitude>
		<reference cite="butler2003" />
	</planet>
</star>
<star>
	<name cat="hd">37605</name>
	<type cite="cochran2004">K0 V</type>
	<mass error="0.1" cite="cochran2004">0.8</mass>
	<metallicity metal="Fe" error="0.06" cite="cochran2004">0.39</metallicity>
	<magnitude band="V" cite="cochran2004">8.69</magnitude>
	<distance cite="hip">42.9</distance>
	<teff error="50" cite="cochran2004">5475</teff>
	<position>05 40 01.7296; +06 03 38.085</position>
	<planet>
		<period error="0.23" cite="cochran2004">54.23</period>
		<mass error="0.26" cite="cochran2004">2.85</mass>
		<semimajor error="0.01" cite="cochran2004">0.26</semimajor>
		<eccentricity error="0.0095" cite="cochran2004">0.736</eccentricity>
		<amplitude error="5.5" cite="cochran2004">262.9</amplitude>
		<addition>2004-07-09</addition>
		<reference cite="cochran2004" rel="discovery" />
	</planet>
</star>
<star>
	<name cat="hd">38529</name>
	<type cite="fischer2003b">G4 IV</type>
	<mass cite="santos2004a">1.60</mass>
	<metallicity error="0.06" cite="santos2004a">0.40</metallicity>
	<teff error="40" cite="santos2004a">5674</teff>
	<period cite="fischer2003b">35.7</period>
	<distance>42</distance>
	<position>05 46 35.0; +01 10 07</position>
	<planet>
		<period>14.31</period>
		<mass>0.78</mass>
		<semimajor>0.129</semimajor>
		<eccentricity>0.28</eccentricity>
		<amplitude>54.7</amplitude>
		<reference cite="fischer2003b" />
		<reference cite="fischer2001" />
	</planet>
	<planet>
		<period>2207.4</period>
		<mass>12.8</mass>
		<semimajor>3.71</semimajor>
		<eccentricity>0.33</eccentricity>
		<amplitude>169.1</amplitude>
		<reference cite="fischer2003b" />
	</planet>
</star>
<star>
	<name cat="hd">39091</name>
	<mass cite="santos2004a">1.10</mass>
	<metallicity error="0.04" cite="santos2004a">0.10</metallicity>
	<teff error="27" cite="santos2004a">5991</teff>
	<position>05 37 09.0; &minus;80 28 09</position>
	<planet>
		<period>2063.818</period>
		<mass>10.35</mass>
		<semimajor>3.29</semimajor>
		<eccentricity>0.62</eccentricity>
		<amplitude>196.9</amplitude>
		<reference cite="jones2002a" />
	</planet>
</star>
<star>
	<name cat="hd">40979</name>
	<type cite="fischer2003b">F8 V</type>
	<mass cite="santos2004a">1.21</mass>
	<metallicity error="0.05" cite="santos2004a">0.21</metallicity>
	<teff error="42" cite="santos2004a">6145</teff>
	<period cite="fischer2003b">7.0</period>
	<position>06 04 29.9; +44 15 39</position>
	<planet>
		<period>267.2</period>
		<mass>3.32</mass>
		<semimajor>0.811</semimajor>
		<eccentricity>0.23</eccentricity>
		<amplitude>108.0</amplitude>
		<reference cite="fischer2003b" />
	</planet>
</star>
<star>
	<name cat="hd">41004 A</name>
	<mass>0.70</mass>
	<position>05 59 49.6; &minus;48 14 23</position>
	<planet>
		<period>655</period>
		<mass>2.3</mass>
		<semimajor>1.31</semimajor>
		<eccentricity>0.39</eccentricity>
		<amplitude>74.0</amplitude>
		<reference rel="discovery" cite="santos2002" />
	</planet>
</star>
<star>
	<name cat="hd">46375</name>
	<type>K1 IV</type>
	<mass cite="santos2004a">0.82</mass>
	<metallicity error="0.06" cite="santos2004a">0.20</metallicity>
	<teff error="55" cite="santos2004a">5268</teff>
	<distance>33.4</distance>
	<position>06 33 12.6; +05 27 47</position>
	<planet>
		<period>3.024</period>
		<mass>0.25</mass>
		<semimajor>0.04</semimajor>
		<eccentricity>0.04</eccentricity>
		<amplitude>34.5</amplitude>
		<reference cite="marcy2000" />
	</planet>
</star>
<star>
	<name cat="hd">47536</name>
	<metallicity error="0.12" cite="santos2004a">&minus;0.54</metallicity>
	<teff error="85" cite="santos2004a">4554</teff>
	<planet>
		<period>712</period>
		<mass>4.96-9.67</mass>
		<eccentricity>0.2</eccentricity>
		<semimajor>1.61-2.25</semimajor>
		<reference cite="setiawan2003" />
	</planet>
</star>
<star>
	<name cat="hd">49674</name>
	<mass cite="santos2004a">1.04</mass>
	<metallicity error="0.06" cite="santos2004a">0.33</metallicity>
	<teff error="54" cite="santos2004a">5644</teff>
	<position>06 51 30.5; +40 52 05</position>
	<planet>
		<period>4.95</period>
		<mass>0.11</mass>
		<semimajor>0.06</semimajor>
		<eccentricity>0.17</eccentricity>
		<amplitude>13.1</amplitude>
		<reference cite="butler2003" />
	</planet>
</star>
<star>
	<name cat="hd">50554</name>
	<mass cite="santos2004a">1.09</mass>
	<metallicity error="0.01" cite="santos2004a">0.04</metallicity>
	<teff error="30" cite="santos2004a">6026</teff>
	<position>06 54 42.9; +24 14 45</position>
	<planet>
		<period>1249.59</period>
		<mass>3.92</mass>
		<semimajor>2.32</semimajor>
		<eccentricity>0.50</eccentricity>
		<amplitude>81.9</amplitude>
		<reference cite="perrier2003" />
		<reference cite="fischer2002b" />
	</planet>
</star>
<star>
	<name cat="hd">52265</name>
	<type>G0 V</type>
	<mass cite="santos2004a">1.20</mass>
	<metallicity cite="santos2004a">0.23</metallicity>
	<teff cite="santos2004a">6103</teff>
	<distance>28</distance>
	<position>07 00 18.0; +05 22 01</position>
	<planet>
		<period>119.1</period>
		<mass>1.00</mass>
		<semimajor>0.49</semimajor>
		<eccentricity>0.19</eccentricity>
		<amplitude>38.8</amplitude>
		<reference cite="naef2001b" />
		<reference cite="butler2000a" />
	</planet>
</star>
<star>
	<name cat="hd">59686</name>
	<planet>
		<period>303</period>
		<mass>6.5</mass>
		<semimajor>0.8</semimajor>
		<reference cite="mitchell2004" />
	</planet>
</star>
<star>
	<name cat="hd">65216</name>
	<mass cite="santos2004a">0.94</mass>
	<metallicity error="0.04" cite="santos2004a">&minus;0.12</metallicity>
	<teff error="31" cite="santos2004a">5666</teff>
	<position>07 53 41.3; &minus;63 38 50</position>
	<planet>
		<period>578</period>
		<mass>1.33</mass>
		<semimajor>1.31</semimajor>
		<eccentricity>0.29</eccentricity>
		<amplitude>37.0</amplitude>
	</planet>
</star>
<star>
	<name cat="hd">68988</name>
	<mass cite="santos2004a">1.18</mass>
	<metallicity error="0.06" cite="santos2004a">0.36</metallicity>
	<teff error="52" cite="santos2004a">5988</teff>
	<position>08 18 22.0; +61 27 38</position>
	<planet>
		<period>6.276</period>
		<mass>1.92</mass>
		<semimajor>0.07</semimajor>
		<eccentricity>0.15</eccentricity>
		<amplitude>189.7</amplitude>
		<reference cite="vogt2002" />
	</planet>
</star>
<star>
	<name cat="hd">70642</name>
	<name cat="hip">40952</name>
	<type cite="carter2003">G5</type>
	<mass error="0.05" cite="carter2003">1.0</mass>
	<metallicity metal="Fe" error="0.02" cite="carter2003">0.16</metallicity>
	<metallicity metal="Ni" error="0.03" cite="carter2003">0.22</metallicity>
	<magnitude cite="carter2003">7.17</magnitude>
	<activity error="0.06" cite="carter2003">&minus;4.90</activity>
	<temperature error="20" cite="carter2003">5670</temperature>
	<distance cite="perryman1997x">28.8</distance>
	<position>08 21 28.1; &minus;39 42 19</position>
	<planet>
		<period>2231</period>
		<mass>2.0</mass>
		<semimajor>3.3</semimajor>
		<eccentricity>0.10</eccentricity>
		<amplitude>32.0</amplitude>
		<reference rel="discovery" cite="carter2003" />
	</planet>
</star>
<star>
	<name cat="hd">72659</name>
	<mass cite="santos2004a">1.16</mass>
	<metallicity error="0.06" cite="santos2004a">0.03</metallicity>
	<teff error="45" cite="santos2004a">5995</teff>
	<position>08 34 03.0; &minus;01 34 07</position>
	<planet>
		<period>3537.154</period>
		<mass>3.0</mass>
		<semimajor>4.5</semimajor>
		<eccentricity>0.26</eccentricity>
		<amplitude>42.3</amplitude>
		<reference cite="butler2003" />
	</planet>
</star>
<star>
	<name cat="hd">73256</name>
	<mass cite="santos2004a">0.98</mass>
	<metallicity error="0.06" cite="santos2004a">0.26</metallicity>
	<teff error="49" cite="santos2004a">5518</teff>
	<position>08 36 23.0; &minus;30 02 15</position>
	<planet>
		<period>2.5486</period>
		<mass>1.85</mass>
		<semimajor>0.037</semimajor>
		<eccentricity>0.04</eccentricity>
		<amplitude>267.0</amplitude>
		<reference cite="udry2003" />
	</planet>
</star>
<star>
	<name cat="hd">73526</name>
	<mass cite="santos2004a">1.05</mass>
	<metallicity error="0.06" cite="santos2004a">0.27</metallicity>
	<teff error="49" cite="santos2004a">5699</teff>
	<position>08 37 17.0; &minus;41 19 10</position>
	<planet>
		<period>184.108</period>
		<mass>2.98</mass>
		<semimajor>0.65</semimajor>
		<eccentricity>0.44</eccentricity>
		<amplitude>114.8</amplitude>
		<reference cite="tinney2003" />
	</planet>
</star>
<star>
	<name cat="hd">74156</name>
	<type cite="hip">G0</type>
	<mass cite="santos2004a">1.27</mass>
	<metallicity error="0.05" cite="santos2004a">0.16</metallicity>
	<teff error="39" cite="santos2004a">6112</teff>
	<luminosity>3.06</luminosity>
	<magnitude cite="hip">7.61</magnitude>
	<distance cite="hip">64.56</distance>
	<position>08 42 25.1; +04 34 43</position>
	<planet>
		<period error="0.011" cite="naef2004">51.643</period>
		<mass cite="naef2004">1.86</mass>
		<semimajor cite="naef2004">0.294</semimajor>
		<eccentricity error="0.009" cite="naef2004">0.636</eccentricity>
		<amplitude error="1.9" cite="naef2004">112.0</amplitude>
		<reference cite="naef2004" />
	</planet>
	<planet>
		<period error="11" cite="naef2004">2025</period>
		<mass cite="naef2004">6.17</mass>
		<semimajor cite="naef2004">3.40</semimajor>
		<eccentricity error="0.039" cite="naef2004">0.583</eccentricity>
		<amplitude error="5.5" cite="naef2004">104.0</amplitude>
		<reference cite="naef2004" />
	</planet>
</star>
<star>
	<name cat="hd">75289</name>
	<type>G0 V</type>
	<mass cite="santos2004a">1.23</mass>
	<metallicity error="0.07" cite="santos2004a">0.28</metallicity>
	<teff error="53" cite="santos2004a">6143</teff>
	<distance>28.94</distance>
	<luminosity>1.99</luminosity>
	<position>08 47 41.0; &minus;41 44 14</position>
	<planet>
		<period>3.509</period>
		<mass>0.44</mass>
		<semimajor>0.046</semimajor>
		<eccentricity>0.01</eccentricity>
		<amplitude>53.5</amplitude>
	</planet>
</star>
<star>
	<name cat="bf">55 &rho;&sup1; Cancri</name>
	<name cat="hd">75732</name>
	<name cat="hr">3522</name>
	<type>G8 V</type>
	<mass cite="santos2004a">0.87</mass>
	<metallicity error="0.07" cite="santos2004a">0.33</metallicity>
	<teff error="62" cite="santos2004a">5279</teff>
	<distance>12.53</distance>
	<position>08 52 35.8; +28 19 51</position>
	<planet>
		<period error="0.002" cite="mcarthur2004">2.808</period>
		<mass error="0.01" cite="mcarthur2004">0.045</mass>
		<mass error="2.91 Me" cite="mcarthur2004">14.21 Me</mass>
		<semimajor error="0.001" cite="mcarthur2004">0.038</semimajor>
		<addition>2004-10-14</addition>
		<reference cite="mcarthur2004" />
	</planet>
	<planet>
		<period>14.653</period>
		<mass>0.84</mass>
		<semimajor>0.115</semimajor>
		<eccentricity>0.02</eccentricity>
		<inclination>~25</inclination>
		<amplitude>72.2</amplitude>
		<reference cite="marcy2002" />
	</planet>
	<planet>
		<period>44.28</period>
		<mass>0.21</mass>
		<semimajor>0.24</semimajor>
		<eccentricity>0.34</eccentricity>
		<inclination>~25</inclination>
		<amplitude>13.0</amplitude>
		<reference cite="butler1997" />
		<reference cite="marcy2002" />
	</planet>
	<planet>
		<period>5360</period>
		<mass>4.05</mass>
		<semimajor>5.9</semimajor>
		<eccentricity>0.16</eccentricity>
		<amplitude>49.3</amplitude>
		<inclination>~25</inclination>
		<reference cite="marcy2002" />
	</planet>
</star>
<star>
	<name cat="hd">76700</name>
	<mass cite="santos2004a">1.10</mass>
	<metallicity error="0.05" cite="santos2004a">0.41</metallicity>
	<teff error="34" cite="santos2004a">5737</teff>
	<position>08 53 55.0; &minus;66 48 04</position>
	<planet>
		<period>3.971</period>
		<mass>0.19</mass>
		<semimajor>0.05</semimajor>
		<eccentricity>0.01</eccentricity>
		<amplitude>25.0</amplitude>
		<reference cite="tinney2003" />
	</planet>
</star>
<star>
	<name cat="hd">80606</name>
	<mass cite="santos2004a">1.04</mass>
	<metallicity error="0.09" cite="santos2004a">0.32</metallicity>
	<teff error="72" cite="santos2004a">5574</teff>
	<position>09 22 37.5; +50 36 13</position>
	<planet>
		<period>111.81</period>
		<mass>3.90</mass>
		<semimajor>0.469</semimajor>
		<eccentricity>0.93</eccentricity>
		<amplitude>411.0</amplitude>
		<reference cite="naef2001a" />
	</planet>
</star>
<star>
	<name cat="hd">82943</name>
	<mass cite="santos2004a">1.20</mass>
	<metallicity cite="santos2004a">0.30</metallicity>
	<teff cite="santos2004a">6016</teff>
	<position>09 34 50.7; &minus;12 07 45</position>
	<planet>
		<period>221.6</period>
		<mass>0.88</mass>
		<semimajor>0.728</semimajor>
		<eccentricity>0.54</eccentricity>
		<amplitude>34.0</amplitude>
	</planet>
	<planet>
		<period>444.6</period>
		<mass>1.63</mass>
		<semimajor>1.16</semimajor>
		<eccentricity>0.41</eccentricity>
		<amplitude>46.0</amplitude>
	</planet>
</star>
<star>
	<name cat="hd">83443</name>
	<type>K0 V</type>
	<mass cite="santos2004a">0.93</mass>
	<metallicity error="0.08" cite="santos2004a">0.35</metallicity>
	<teff error="61" cite="santos2004a">5454</teff>
	<distance>43.54</distance>
	<luminosity>0.93</luminosity>
	<magnitude>8.23</magnitude>
	<position>09 37 11.8; &minus;43 16 19</position>
	<reference cite="santos2000a" />
	<planet>
		<period error="0.0009">2.9853</period>
		<mass>0.41</mass>
		<temperature>1100</temperature>
		<semimajor>0.038</semimajor>
		<eccentricity>0.05</eccentricity>
		<amplitude>58.0</amplitude>
		<reference cite="butler2002" />
		<reference cite="mayor2002" />
	</planet>
	<planet status="disputed">
		<period error="0.18">29.83</period>
		<mass>0.15</mass>
		<semimajor>0.174</semimajor>
		<eccentricity error="0.06">0.42</eccentricity>
		<amplitude>14</amplitude>
		<addition>2000-08-07</addition>
		<reference cite="butler2002" />
		<reference cite="mayor2002" />
	</planet>
</star>
<star>
	<name cat="hd">89744</name>
	<type>F7 V</type>
	<mass cite="santos2004a">1.53</mass>
	<metallicity error="0.05" cite="santos2004a">0.22</metallicity>
	<teff error="45" cite="santos2004a">6234</teff>
	<distance>40</distance>
	<position>10 22 10.7; +41 13 48</position>
	<planet>
		<period>256.605</period>
		<mass>7.99</mass>
		<semimajor>0.89</semimajor>
		<eccentricity>0.67</eccentricity>
		<amplitude>275.3</amplitude>
		<reference cite="korzennik2000" />
	</planet>
</star>
<star>
	<name cat="hd">92788</name>
	<type>G5 V</type>
	<mass cite="santos2004a">1.12</mass>
	<metallicity error="0.05" cite="santos2004a">0.32</metallicity>
	<teff error="41" cite="santos2004a">5821</teff>
	<distance>32.32</distance>
	<position>10 42 48.5; &minus;02 10 59</position>
	<planet>
		<period>327.393</period>
		<mass>3.31</mass>
		<semimajor>0.95</semimajor>
		<eccentricity>0.33</eccentricity>
		<amplitude>98.6</amplitude>
		<reference cite="fischer2001" />
	</planet>
</star>
<star>
	<name cat="bf">47 Urs&aelig; Majoris</name>
	<name cat="hd">95128</name>
	<mass cite="santos2004a">1.07</mass>
	<metallicity error="0.03" cite="santos2004a">0.06</metallicity>
	<teff error="25" cite="santos2004a">5954</teff>
	<type>G1 V</type>
	<distance>14.08</distance>
	<luminosity>1.7</luminosity>
	<position>10 59 28.2; +40 25 48</position>
	<planet>
		<period>1089</period>
		<mass>2.54</mass>
		<semimajor>2.09</semimajor>
		<eccentricity>0.06</eccentricity>
		<amplitude>49.3</amplitude>
		<addition>1996-01-17</addition>
		<reference cite="fischer2002a" />
		<reference cite="butler1996b" />
	</planet>
	<planet>
		<period>2594</period>
		<mass>0.76</mass>
		<semimajor>3.73</semimajor>
		<eccentricity>0.10</eccentricity>
		<amplitude>11.1</amplitude>
		<addition>2002-01-10</addition>
		<reference cite="fischer2002a" />
	</planet>
</star>
<star>
	<name cat="hd">104985 B</name>
	<mass>1.50</mass>
	<position>12 05 15.1; +76 54 21</position>
	<planet>
		<period>198.2</period>
		<mass>6.3</mass>
		<semimajor>0.78</semimajor>
		<eccentricity>0.03</eccentricity>
		<amplitude>0.0</amplitude>
	</planet>
</star>
<star>
	<name cat="hd">106252</name>
	<mass cite="santos2004a">1.02</mass>
	<metallicity error="0.05" cite="santos2004a">&minus;0.01</metallicity>
	<teff error="35" cite="santos2004a">5899</teff>
	<position>12 13 29.5; +10 02 32</position>
	<planet>
		<period>1503.61</period>
		<mass>6.81</mass>
		<semimajor>2.54</semimajor>
		<eccentricity>0.57</eccentricity>
		<amplitude>150.4</amplitude>
		<reference cite="perrier2003" />
		<reference cite="fischer2002b" />
	</planet>
</star>
<star>
	<name cat="hd">108147</name>
	<type>F8/G0 V</type>
	<mass cite="santos2004a">1.27</mass>
	<metallicity error="0.05" cite="santos2004a">0.20</metallicity>
	<teff error="42" cite="santos2004a">6248</teff>
	<distance>38.57</distance>
	<position>12 25 46.0; &minus;64 01 22</position>
	<planet>
		<period>10.89</period>
		<mass>0.40</mass>
		<semimajor>0.104</semimajor>
		<eccentricity>0.40</eccentricity>
		<amplitude>27.3</amplitude>
		<reference cite="pepe2002" />
	</planet>
</star>
<star>
	<name cat="hd">108874</name>
	<mass cite="santos2004a">0.97</mass>
	<metallicity error="0.05" cite="santos2004a">0.23</metallicity>
	<teff error="42" cite="santos2004a">5596</teff>
	<position>12 30 26.8; +22 52 48</position>
	<planet>
		<period>397.428</period>
		<mass>1.78</mass>
		<semimajor>1.06</semimajor>
		<eccentricity>0.14</eccentricity>
		<amplitude>49.6</amplitude>
		<reference cite="butler2003" />
	</planet>
</star>
<star>
	<name cat="hd">111232</name>
	<mass cite="santos2004a">0.75</mass>
	<metallicity error="0.04" cite="santos2004a">&minus;0.36</metallicity>
	<teff error="26" cite="santos2004a">5494</teff>
	<position>12 48 51.8; &minus;68 25 31</position>
	<planet>
		<period>1138</period>
		<mass>7.8</mass>
		<semimajor>2.07</semimajor>
		<eccentricity>0.25</eccentricity>
		<amplitude>168.0</amplitude>
	</planet>
</star>
<star>
	<name cat="hd">114386</name>
	<mass cite="santos2004a">0.54</mass>
	<metallicity error="0.06" cite="santos2004a">&minus;0.08</metallicity>
	<teff error="61" cite="santos2004a">4804</teff>
	<position>13 10 40.0; &minus;35 03 17</position>
	<planet>
		<period>872</period>
		<mass>0.99</mass>
		<semimajor>1.62</semimajor>
		<eccentricity>0.28</eccentricity>
		<amplitude>27.0</amplitude>
	</planet>
</star>
<star>
	<name cat="hd">114729</name>
	<mass cite="santos2004a">0.97</mass>
	<metallicity error="0.05" cite="santos2004a">&minus;0.25</metallicity>
	<teff error="36" cite="santos2004a">5886</teff>
	<position>13 12 44.3; &minus;31 52 24</position>
	<planet>
		<period>1131.478</period>
		<mass>0.82</mass>
		<semimajor>2.08</semimajor>
		<eccentricity>0.31</eccentricity>
		<amplitude>17.6</amplitude>
		<reference cite="butler2003" />
	</planet>
</star>
<star>
	<name cat="hd">114762</name>
	<type>F9 V</type>
	<mass cite="santos2004a">0.81</mass>
	<metallicity error="0.04" cite="santos2004a">&minus;0.70</metallicity>
	<teff error="34" cite="santos2004a">5884</teff>
	<distance>40.57</distance>
	<position>13 12 20.1; +17 31 02</position>
	<planet>
		<period cite="ccps114762">83.895</period>
		<mass cite="ccps114762">11.03</mass>
		<semimajor cite="ccps114762">0.35</semimajor>
		<eccentricity cite="ccps114762">0.34</eccentricity>
		<amplitude cite="ccps114762">616.66</amplitude>
		<reference cite="ccps114762" />
		<reference cite="latham1989" />
	</planet>
</star>
<star>
	<name cat="hd">114783</name>
	<mass cite="santos2004a">0.77</mass>
	<metallicity error="0.04" cite="santos2004a">0.09</metallicity>
	<teff error="36" cite="santos2004a">5098</teff>
	<position>13 12 43.9; &minus;02 15 54</position>
	<planet>
		<period>494.665</period>
		<mass>1.05</mass>
		<semimajor>1.19</semimajor>
		<eccentricity>0.09</eccentricity>
		<amplitude>28.5</amplitude>
		<reference cite="vogt2002" />
	</planet>
</star>
<star>
	<name cat="bf">70 Virginis</name>
	<name cat="hd">117176</name>
	<type>G4 V</type>
	<mass cite="santos2004a">0.93</mass>
	<metallicity error="0.05" cite="santos2004a">&minus;0.06</metallicity>
	<teff error="34" cite="santos2004a">5560</teff>
	<distance>18.11</distance>
	<luminosity>13</luminosity>
	<position>13 28 26.0; +13 46 49</position>
	<planet>
		<period>116.689</period>
		<mass>7.44</mass>
		<semimajor>0.48</semimajor>
		<eccentricity>0.40</eccentricity>
		<amplitude>315.2</amplitude>
		<temperature>350</temperature>
		<addition>1996-01-17</addition>
		<reference cite="butler1996a" />
	</planet>
</star>
<star>
	<name cat="bf">4 &tau; Bo&ouml;tis</name>
	<name cat="hd">120136</name>
	<name cat="hr">5185</name>
	<name cat="hip">67275</name>
	<name cat="bd">+18&deg;2782</name>
	<type>F7 V</type>
	<mass cite="santos2004a">1.33</mass>
	<metallicity error="0.07" cite="santos2004a">0.23</metallicity>
	<teff error="73" cite="santos2004a">6339</teff>
	<distance error="1.62">18.35</distance>
	<position>13 47 16.0; +17 27 24</position>
	<planet>
		<period error="0.0002">3.3128</period>
		<mass>4.13</mass>
		<semimajor>0.0462</semimajor>
		<eccentricity>0.01</eccentricity>
		<amplitude>471.4</amplitude>
		<reference cite="cameron2000" />
		<reference cite="charbonneau2000b" />
		<reference cite="charbonneau1999" />
		<reference cite="cameron1999" />
		<reference cite="butler1997" />
	</planet>
</star>
<star>
	<name cat="hd">121504</name>
	<type cite="hip">G2 V</type>
	<mass cite="santos2004a">1.17</mass>
	<metallicity error="0.05" cite="santos2004a">0.16</metallicity>
	<teff error="40" cite="santos2004a">6075</teff>
	<luminosity>1.55</luminosity>
	<magnitude cite="hip">7.54</magnitude>
	<period cite="mayor2003x">8.6</period>
	<distance cite="hip">44.37</distance>
	<position>13 57 17.2; &minus;56 02 24</position>
	<planet>
		<period error="0.03" cite="mayor2004">63.33</period>
		<mass cite="mayor2004">1.22</mass>
		<semimajor cite="mayor2004">0.33</semimajor>
		<eccentricity error="0.01" cite="mayor2004">0.03</eccentricity>
		<amplitude error="0.9" cite="mayor2004">55.8</amplitude>
		<reference cite="mayor2004" />
		<reference cite="queloz2000b" />
	</planet>
</star>
<star>
	<name cat="hd">128311</name>
	<mass cite="santos2004a">0.61</mass>
	<metallicity error="0.07" cite="santos2004a">0.03</metallicity>
	<teff error="72" cite="santos2004a">4835</teff>
	<position>14 36 00.4; +09 44 50</position>
	<planet>
		<period>420.514</period>
		<mass>2.58</mass>
		<semimajor>1.02</semimajor>
		<eccentricity>0.30</eccentricity>
		<amplitude>84.9</amplitude>
		<reference cite="butler2003" />
	</planet>
</star>
<star>
	<name cat="hd">130322</name>
	<type>K0 III</type>
	<mass cite="santos2004a">0.96</mass>
	<metallicity error="0.04" cite="santos2004a">0.03</metallicity>
	<teff error="36" cite="santos2004a">5.92</teff>
	<distance>29.76</distance>
	<luminosity>0.50</luminosity>
	<position>14 47 32.8; &minus;00 16 52</position>
	<planet>
		<period error="0.007">10.724</period>
		<mass>1.02</mass>
		<semimajor>0.088</semimajor>
		<eccentricity>0.04</eccentricity>
		<amplitude>115.0</amplitude>
		<reference cite="udry2000" />
	</planet>
</star>
<star>
	<name cat="hd">134987</name>
	<type>G5 V</type>
	<mass cite="santos2004a">1.08</mass>
	<metallicity error="0.04" cite="santos2004a">0.30</metallicity>
	<teff error="29" cite="santos2004a">5776</teff>
	<distance>25</distance>
	<position>15 13 28.6; &minus;25 18 34</position>
	<planet>
		<period>258.499</period>
		<mass>1.55</mass>
		<semimajor>0.81</semimajor>
		<eccentricity>0.25</eccentricity>
		<amplitude>49.3</amplitude>
		<reference cite="vogt2000" />
	</planet>
</star>
<star>
	<name cat="hd">136118</name>
	<mass cite="santos2004a">1.29</mass>
	<metallicity error="0.05" cite="santos2004a">&minus;0.04</metallicity>
	<teff error="29" cite="santos2004a">6222</teff>
	<position>15 18 55.5; &minus;01 35 33</position>
	<planet>
		<period>1208.724</period>
		<mass>12.08</mass>
		<semimajor>2.40</semimajor>
		<eccentricity>0.36</eccentricity>
		<amplitude>212.9</amplitude>
		<reference cite="fischer2002b" />
	</planet>
</star>
<star>
	<name cat="bf">&iota; Draconis</name>
	<name cat="hd">137759</name>
	<name cat="hr">5744</name>
	<name cat="hip">75458</name>
	<type>K2 III</type>
	<mass>1.05</mass>
	<metallicity error="0.14" cite="santos2004a">0.13</metallicity>
	<teff error="113" cite="santos2004a">4775</teff>
	<position>15 24 55.7; +58 57 58</position>
	<planet>
		<period>510.833</period>
		<mass>8.47</mass>
		<semimajor>1.28</semimajor>
		<eccentricity>0.72</eccentricity>
		<amplitude>299.4</amplitude>
		<reference cite="frink2002" />
	</planet>
</star>
<star>
	<name cat="hd">141937</name>
	<mass cite="santos2004a">1.08</mass>
	<metallicity error="0.05" cite="santos2004a">0.10</metallicity>
	<teff error="39" cite="santos2004a">5909</teff>
	<position>15 52 17.5; &minus;18 26 10</position>
	<planet>
		<period>653.22</period>
		<mass>9.7</mass>
		<semimajor>1.52</semimajor>
		<eccentricity>0.41</eccentricity>
		<amplitude>234.5</amplitude>
		<reference cite="udry2002" />
	</planet>
</star>
<star>
	<name cat="hd">142415</name>
	<mass cite="santos2004a">1.26</mass>
	<metallicity error="0.05" cite="santos2004a">0.21</metallicity>
	<teff error="44" cite="santos2004a">6045</teff>
	<position>15 57 40.8; &minus;60 12 01</position>
	<planet>
		<period>388</period>
		<mass>1.73</mass>
		<semimajor>1.07</semimajor>
		<eccentricity>0.50</eccentricity>
		<amplitude>52.0</amplitude>
	</planet>
</star>
<star>
	<name cat="bf">15 &rho; Coron&aelig; Borealis</name>
	<name cat="hd">143761</name>
	<name cat="hip">78459</name>
	<name cat="bd">+33&deg;2663</name>
	<type>G0 Va</type>
	<mass cite="santos2004a">0.95</mass>
	<metallicity error="0.04" cite="santos2004a">&minus;0.21</metallicity>
	<teff error="25" cite="santos2004a">5853</teff>
	<distance>17.43</distance>
	<position>16 01 02.8; +33 18 19</position>
	<planet>
		<period>39.845</period>
		<mass>1.04</mass>
		<semimajor>0.22</semimajor>
		<eccentricity>0.04</eccentricity>
		<amplitude>64.2</amplitude>
		<reference cite="noyes1997a" />
		<reference cite="noyes1997b" />
	</planet>
</star>
<star>
	<name cat="bf">14 Herculis</name>
	<name cat="hd">145675</name>
	<name cat="gj">614</name>
	<type>K0 V</type>
	<mass cite="santos2004a">0.90</mass>
	<metallicity error="0.08" cite="santos2004a">0.43</metallicity>
	<teff error="87" cite="santos2004a">5311</teff>
	<distance>18.15</distance>
	<luminosity>0.75</luminosity>
	<position>16 10 24.3; +43 49 04</position>
	<planet>
		<period>1773.079</period>
		<mass>4.89</mass>
		<semimajor>2.85</semimajor>
		<eccentricity>0.38</eccentricity>
		<amplitude>88.8</amplitude>
		<reference cite="naef2004" />
		<reference cite="butler2003" />
	</planet>
</star>
<star>
	<name cat="hd">147513</name>
	<mass cite="santos2004a">1.11</mass>
	<metallicity error="0.04" cite="santos2004a">0.06</metallicity>
	<teff error="25" cite="santos2004a">5883</teff>
	<position>16 24 01.0; &minus;39 11 35</position>
	<planet>
		<period>540.4</period>
		<mass>1.0</mass>
		<semimajor>1.26</semimajor>
		<eccentricity>0.52</eccentricity>
		<amplitude>31.0</amplitude>
	</planet>
</star>
<star>
	<name cat="hd">150706</name>
	<mass cite="santos2004a">1.17</mass>
	<metallicity error="0.04" cite="santos2004a">&minus;0.01</metallicity>
	<teff error="27" cite="santos2004a">5961</teff>
	<position>16 31 18.0; +79 47 23</position>
	<planet>
		<period>264.9</period>
		<mass>1.0</mass>
		<semimajor>0.82</semimajor>
		<eccentricity>0.38</eccentricity>
		<amplitude>33.0</amplitude>
	</planet>
</star>
<star>
	<name cat="bf">&mu; Arae</name>
	<name cat="hd">160691</name>
	<name cat="hr">6585</name>
	<name cat="gj">691</name>
	<type cite="santos2004b">G5 V</type>
	<mass error="0.05" cite="santos2004b">1.10</mass>
	<magnitude cite="santos2004b">5.12</magnitude>
	<distance cite="santos2004b">15.3</distance>
	<mass cite="santos2004a">1.10</mass>
	<radius cite="santos2004a">1.32</radius>
	<metallicity error="0.04" cite="santos2004a">0.32</metallicity>
	<teff error="33" cite="santos2004a">5798</teff>
	<position>17 44 08.0; &minus;51 50 03</position>
	<planet>
		<period error="0.03" cite="santos2004b">9.55</period>
		<mass cite="santos2004b">14 M&#9793;</mass>
		<eccentricity error="0.02" cite="santos2004b">0.00</eccentricity>
		<semimajor cite="santos2004b">0.09</semimajor>
		<amplitude error="0.2" cite="santos2004b">4.1</amplitude>
		<temperature cite="santos2004b">~900</temperature>
		<addition>2004-10-13</addition>
		<reference cite="santos2004b" />
	</planet>
	<planet>
		<period cite="jones2002b">664.192</period>
		<mass cite="jones2002b">1.87</mass>
		<semimajor cite="jones2002b">1.87</semimajor>
		<eccentricity cite="jones2002b">0.26</eccentricity>
		<amplitude cite="jones2002b">42.8</amplitude>
		<reference cite="santos2004b" />
		<reference cite="jones2002b" />
		<reference cite="butler2001" rel="discovery" />
	</planet>
	<planet status="unknown">
		<period error="3500" cite="santos2004b">7500</period>
		<addition>2004-10-13</addition>
		<reference cite="santos2004b" />
		<reference cite="jones2002b" />
	</planet>
</star>
<star>
	<name cat="hd">162020</name>
	<mass cite="santos2004a">0.73</mass>
	<metallicity cite="santos2004a">&minus;0.04</metallicity>
	<teff cite="santos2004a">4858</teff>
	<position>17 50 38.4; &minus;40 19 06</position>
	<planet>
		<period>8.428</period>
		<mass>14.4</mass>
		<semimajor>0.074</semimajor>
		<eccentricity>0.28</eccentricity>
		<amplitude>1813.0? 813.0?</amplitude>
		<reference cite="udry2002" />
	</planet>
</star>
<star>
	<name cat="hd">168443</name>
	<type>G5</type>
	<mass cite="santos2004a">0.96</mass>
	<metallicity error="0.05" cite="santos2004a">0.06</metallicity>
	<teff error="35" cite="santos2004a">5617</teff>
	<distance>37.88</distance>
	<position>18 20 04.0; &minus;09 35 46</position>
	<planet>
		<period>58.1</period>
		<mass>7.73</mass>
		<semimajor>0.295</semimajor>
		<eccentricity>0.53</eccentricity>
		<amplitude>472.7</amplitude>
		<reference cite="udry2002" />
		<reference cite="marcy1999" />
	</planet>
	<planet>
		<period>1770</period>
		<mass>17.2</mass>
		<semimajor>2.87</semimajor>
		<eccentricity>0.20</eccentricity>
		<amplitude>289.0</amplitude>
		<reference cite="udry2002" />
		<reference cite="unknown2001" />
	</planet>
</star>
<star>
	<name cat="hd">168746</name>
	<type>G5</type>
	<mass cite="santos2004a">0.88</mass>
	<metallicity error="0.05" cite="santos2004a">&minus;0.08</metallicity>
	<teff error="33" cite="santos2004a">5601</teff>
	<distance>43.12</distance>
	<position>18 21 49.8; &minus;11 55 21</position>
	<planet>
		<period>6.403</period>
		<mass>0.23</mass>
		<semimajor>0.065</semimajor>
		<eccentricity>0.08</eccentricity>
		<amplitude>27.0</amplitude>
		<reference cite="pepe2002" />
	</planet>
</star>
<star>
	<name cat="hd">169830</name>
	<type>G8 V</type>
	<mass cite="santos2004a">1.43</mass>
	<metallicity error="0.05" cite="santos2004a">0.21</metallicity>
	<teff error="41" cite="santos2004a">6299</teff>
	<distance>36.32</distance>
	<position>18 27 49.5; &minus;29 49 01</position>
	<planet>
		<period>229.9</period>
		<mass>2.94</mass>
		<semimajor>0.82</semimajor>
		<eccentricity>0.35</eccentricity>
		<amplitude>83.0</amplitude>
		<reference cite="naef2001b" />
	</planet>
	<planet>
		<period>1487.0</period>
		<mass>2.33</mass>
		<semimajor>2.75</semimajor>
		<eccentricity>0.00</eccentricity>
		<amplitude>36.0</amplitude>
		<reference cite="mayor2004" />
	</planet>
</star>
<star>
	<name cat="hd">177830</name>
	<type>K0</type>
	<mass>1.17</mass>
	<metallicity error="0.09" cite="santos2004a">0.33</metallicity>
	<teff error="77" cite="santos2004a">4804</teff>
	<distance>59</distance>
	<position>19 05 20.8; +25 55 15</position>
	<planet>
		<period>408.377</period>
		<mass>1.52</mass>
		<semimajor>1.14</semimajor>
		<eccentricity>0.10</eccentricity>
		<amplitude>37.7</amplitude>
		<reference cite="vogt2002" />
	</planet>
</star>
<star>
	<name cat="hd">178911 B</name>
	<mass cite="santos2004a">0.98</mass>
	<metallicity error="0.05" cite="santos2004a">0.27</metallicity>
	<teff error="42" cite="santos2004a">5600</teff>
	<position>19 09 03.1; +34 35 59</position>
	<planet>
		<period>71.5</period>
		<mass>6.46</mass>
		<semimajor>0.326</semimajor>
		<eccentricity>0.14</eccentricity>
		<amplitude>343.0</amplitude>
		<reference cite="zucker2002" />
	</planet>
</star>
<star>
	<name cat="hd">179949</name>
	<mass cite="santos2004a">1.28</mass>
	<metallicity error="0.05" cite="santos2004a">0.22</metallicity>
	<teff error="43" cite="santos2004a">6260</teff>
	<position>19 15 33.2; &minus;24 10 45</position>
	<planet>
		<period>3.093</period>
		<mass>0.98</mass>
		<semimajor>0.04</semimajor>
		<eccentricity>0.00</eccentricity>
		<amplitude>118.0</amplitude>
		<reference cite="tinney2001" />
	</planet>
</star>
<star>
	<name cat="bf">16 Cygni B</name>
	<name cat="hd">186427</name>
	<type>G1.5 Vb</type>
	<mass cite="santos2004a">0.99</mass>
	<metallicity error="0.04" cite="santos2004a">0.08</metallicity>
	<teff error="25" cite="santos2004a">5772</teff>
	<distance>21.62</distance>
	<luminosity>0.97</luminosity>
	<position>19 41 52.1; +50 31 05</position>
	<planet>
		<period>798.938</period>
		<mass>1.69</mass>
		<semimajor>1.67</semimajor>
		<eccentricity>0.67</eccentricity>
		<amplitude>51.2</amplitude>
		<reference cite="cochran1997" />
	</planet>
</star>
<star>
	<name cat="hd">187123</name>
	<type>G5</type>
	<mass cite="santos2004a">1.04</mass>
	<metallicity error="0.03" cite="santos2004a">0.13</metallicity>
	<teff error="22" cite="santos2004a">5845</teff>
	<distance>49.92</distance>
	<position>19 46 58.1; +34 25 10</position>
	<planet>
		<period>3.097</period>
		<mass>0.51</mass>
		<semimajor>0.042</semimajor>
		<eccentricity>0.02</eccentricity>
		<amplitude>68.0</amplitude>
		<reference cite="butler1998" />
	</planet>
</star>
<star>
	<name cat="hd">190228</name>
	<type>G5 IV</type>
	<mass>1.20</mass>
	<metallicity cite="santos2004a">&minus;0.26</metallicity>
	<teff cite="santos2004a">5327</teff>
	<distance>62.1</distance>
	<position>20 03 00.8; +28 18 25</position>
	<planet>
		<period>1121</period>
		<mass>3.53</mass>
		<semimajor>2.0</semimajor>
		<eccentricity>0.50</eccentricity>
		<amplitude>90.0</amplitude>
		<reference cite="perrier2003" />
	</planet>
</star>
<star>
	<name cat="hd">190360 A</name>
	<name cat="gj">777 A</name>
	<mass cite="santos2004a">0.96</mass>
	<metallicity error="0.05" cite="santos2004a">0.24</metallicity>
	<teff error="36" cite="santos2004a">5584</teff>
	<position>20 03 37.0; +29 53 49</position>
	<planet>
		<period>2613</period>
		<mass>1.15</mass>
		<semimajor>3.65</semimajor>
		<eccentricity>0.00</eccentricity>
		<amplitude>17.5</amplitude>
		<reference cite="naef2003" />
	</planet>
</star>
<star>
	<name cat="hd">192263</name>
	<type>K2 V</type>
	<mass cite="santos2004a">0.69</mass>
	<metallicity error="0.06" cite="santos2004a">&minus;0.02</metallicity>
	<teff error="58" cite="santos2004a">4947</teff>
	<distance>19.9</distance>
	<luminosity>0.34</luminosity>
	<position>20 13 59.9; +00 52 03</position>
	<planet>
		<period>24.33</period>
		<mass>0.75</mass>
		<semimajor>0.15</semimajor>
		<eccentricity>0.03</eccentricity>
		<amplitude>50.5</amplitude>
		<reference cite="santos2004a" />
		<reference cite="santos2003" />
		<reference cite="henry2002" />
		<reference cite="vogt2000" />
		<reference cite="santos2000b" />
	</planet>
</star>
<star>
	<name cat="hd">195019</name>
	<type>G3 IV-V</type>
	<mass cite="santos2004a">1.06</mass>
	<metallicity cite="santos2004a">0.08</metallicity>
	<teff cite="santos2004a">5842</teff>
	<distance>37.36</distance>
	<position>20 28 18.6; +18 46 10</position>
	<planet>
		<period>18.203</period>
		<mass>3.57</mass>
		<semimajor>0.14</semimajor>
		<eccentricity>0.02</eccentricity>
		<amplitude>271.4</amplitude>
		<reference cite="fischer1999" />
	</planet>
</star>
<star>
	<name cat="hd">196050</name>
	<mass cite="santos2004a">1.15</mass>
	<metallicity error="0.05" cite="santos2004a">0.22</metallicity>
	<teff error="44" cite="santos2004a">5918</teff>
	<position>20 37 52.0; &minus;60 38 03</position>
	<planet>
		<period>1316.236</period>
		<mass>2.73</mass>
		<semimajor>2.43</semimajor>
		<eccentricity>0.21</eccentricity>
		<amplitude>48.5</amplitude>
		<reference cite="jones2002b" />
	</planet>
</star>
<star>
	<name cat="hd">202206</name>
	<mass cite="santos2004a">1.06</mass>
	<metallicity error="0.06" cite="santos2004a">0.35</metallicity>
	<teff error="53" cite="santos2004a">5752</teff>
	<position>21 14 57.8; &minus;20 47 21</position>
	<planet>
		<period>256.003</period>
		<mass>17.5</mass>
		<semimajor>0.83</semimajor>
		<eccentricity>0.43</eccentricity>
		<amplitude>564.8</amplitude>
		<reference cite="udry2002" />
	</planet>
</star>
<star>
	<name cat="hd">209458</name>
	<type>G0 V</type>
	<mass cite="santos2004a">1.15</mass>
	<metallicity error="0.03" cite="santos2004a">0.02</metallicity>
	<teff error="26" cite="santos2004a">6177</teff>
	<radius error="0.05">1.15</radius>
	<position>22 03 10.8; +18 53 04</position>
	<planet status="observed">
		<period error="0.0000004" cite="wittenmyer2003">3.5247542</period>
		<mass>0.67</mass>
		<radius error="0.06">1.35</radius>
		<density>0.25</density>
		<temperature>1300</temperature>
		<semimajor>0.045</semimajor>
		<eccentricity error="0.014">0.00967</eccentricity>
		<inclination error="0.4">85.2</inclination>
		<amplitude>86.5</amplitude>
		<depth>1.78</depth>
		<reference cite="naef2004" />
		<reference cite="wittenmyer2003" />
		<reference cite="fortney2003" />
		<reference cite="charbonneau2002b" />
		<reference cite="charbonneau2002a" />
		<reference cite="charbonneau2000b" />
		<reference cite="brown2000" />
		<reference cite="henry2000" />
		<reference cite="charbonneau2000a" />
		<reference cite="mazeh2000" />
	</planet>
</star>
<star>
	<name cat="hd">210277</name>
	<type>G0</type>
	<mass cite="santos2004a">0.92</mass>
	<metallicity cite="santos2004a">0.19</metallicity>
	<teff cite="santos2004a">5532</teff>
	<distance>21.29</distance>
	<position>22 09 29.9; &minus;07 32 55</position>
	<planet>
		<period>434.289</period>
		<mass>1.30</mass>
		<semimajor>1.12</semimajor>
		<eccentricity>0.46</eccentricity>
		<amplitude>39.5</amplitude>
		<reference cite="naef2001b" />
		<reference cite="marcy1999" />
	</planet>
</star>
<star>
	<name cat="hd">213240</name>
	<mass cite="santos2004a">1.22</mass>
	<metallicity error="0.05" cite="santos2004a">0.17</metallicity>
	<teff error="33" cite="santos2004a">5984</teff>
	<position>22 31 00.0; &minus;49 26 00</position>
	<planet>
		<period>951</period>
		<mass>4.5</mass>
		<semimajor>2.03</semimajor>
		<eccentricity>0.45</eccentricity>
		<amplitude>91.0</amplitude>
		<reference cite="santos2001" />
	</planet>
</star>
<star>
	<name cat="bf">&tau;&sup1; Gruis</name>
	<name cat="hd">216435</name>
	<name cat="hr">8700</name>
	<name cat="hip">113044</name>
	<mass cite="santos2004a">1.34</mass>
	<metallicity error="0.05" cite="santos2004a">0.24</metallicity>
	<teff error="42" cite="santos2004a">5938</teff>
	<type>G0 V</type>
	<magnitude>6.04</magnitude>
	<position>22 53 37.9; &minus;48 35 53</position>
	<planet>
		<period>1442.919</period>
		<mass>1.49</mass>
		<semimajor>2.7</semimajor>
		<eccentricity>0.34</eccentricity>
		<amplitude>24.5</amplitude>
		<reference cite="jones2003" />
	</planet>
</star>
<star>
	<name cat="hd">216437</name>
	<mass cite="santos2004a">1.20</mass>
	<metallicity error="0.04" cite="santos2004a">0.25</metallicity>
	<teff error="32" cite="santos2004a">5887</teff>
	<position>22 54 39.4; &minus;70 04 25</position>
	<planet>
		<period>1331.703</period>
		<mass>1.98</mass>
		<semimajor>2.43</semimajor>
		<eccentricity>0.36</eccentricity>
		<amplitude>37.5</amplitude>
		<reference cite="jones2002b" />
	</planet>
</star>
<star>
	<name cat="hd">216770</name>
	<type cite="hip">K0 V</type>
	<mass cite="santos2004a">0.91</mass>
	<metallicity error="0.04" cite="santos2004a">0.26</metallicity>
	<teff error="41" cite="santos2004a">5423</teff>
	<temperature cite="flower1996">5229</temperature>
	<luminosity>0.79</luminosity>
	<magnitude cite="hip">8.11</magnitude>
	<period cite="noyes1984">35.6</period>
	<distance cite="hip">37.9</distance>
	<position>22 55 53.7; &minus;26 39 32</position>
	<planet>
		<period error="0.55" cite="mayor2003">118.45</period>
		<mass cite="mayor2003">0.65</mass>
		<semimajor cite="mayor2003">0.46</semimajor>
		<eccentricity error="0.06" cite="mayor2003">0.37</eccentricity>
		<amplitude error="1.9" cite="mayor2003">30.9</amplitude>
		<reference cite="mayor2003" />
	</planet>
</star>
<star>
	<name cat="bf">51 Pegasi</name>
	<name cat="hd">217014</name>
	<type>G2 IVa</type>
	<mass cite="santos2004a">1.05</mass>
	<metallicity error="0.05" cite="santos2004a">0.20</metallicity>
	<teff error="36" cite="santos2004a">5804</teff>
	<distance>15.36</distance>
	<luminosity>1.31</luminosity>
	<position>22 57 27.9; +20 46 07</position>
	<planet>
		<period>4.231</period>
		<mass>0.46</mass>
		<semimajor>0.05</semimajor>
		<eccentricity>0.01</eccentricity>
		<amplitude>55.0</amplitude>
		<addition>1995-10-06</addition>
		<reference cite="naef2004" />
		<reference cite="marcy1997" />
		<reference cite="mayor1995" rel="discovery" />
	</planet>
</star>
<star>
	<name cat="hd">217107</name>
	<type>G8 IV</type>
	<mass cite="santos2004a">1.02</mass>
	<metallicity cite="santos2004a">0.37</metallicity>
	<teff cite="santos2004a">5646</teff>
	<distance>19.72</distance>
	<luminosity>1</luminosity>
	<position>22 58 15.5; &minus;02 23 43</position>
	<planet>
		<period>7.126</period>
		<mass>1.30</mass>
		<semimajor>0.07</semimajor>
		<eccentricity>0.14</eccentricity>
		<amplitude>140.2</amplitude>
		<reference cite="naef2001b" />
		<reference cite="fischer1999" />
	</planet>
	<planet status="unknown">
		<reference cite="fischer2001" />
	</planet>
</star>
<star>
	<name cat="bf">91 Aquarii</name>
	<name cat="hd">219499</name>
	<planet>
		<period>182</period>
		<mass>2.9</mass>
		<semimajor>0.3</semimajor>
		<reference cite="mitchell2004" />
	</planet>
</star>
<star>
	<name cat="hd">219542 B</name>
	<mass cite="santos2004a">1.04</mass>
	<metallicity error="0.04" cite="santos2004a">0.17</metallicity>
	<teff error="31" cite="santos2004a">5732</teff>
	<planet status="retracted">
		<period>112</period>
		<reference cite="desidera2004" />
		<reference cite="desidera2003" />
	</planet>
</star>
<star>
	<name cat="bf">35 &gamma; Cephei</name>
	<name cat="hd">222404</name>
	<name cat="hr">8974</name>
	<name cat="hip">116727</name>
	<type>K1 IV</type>
	<mass>1.59</mass>
	<metallicity error="0.08" cite="santos2004a">0.16</metallicity>
	<teff error="70" cite="santos2004a">4916</teff>
	<planet>
		<period error="6">903</period>
		<mass>1.76</mass>
		<eccentricity error="0.07">0.2</eccentricity>
		<semimajor>2.1</semimajor>
		<amplitude>26.3</amplitude>
		<omega error="19">76</omega>
		<tperi error="52">53156.85</tperi>
		<reference cite="hatzes2002" />
		<reference cite="walker1992" />
		<reference cite="lawton1989" />
		<reference cite="campbell1988" />
	</planet>
	<notes>System also contains an M1 V red dwarf with period of 74 &plusmn; 16 years and 2km/s RV effect on primary.</notes>
</star>
<star>
	<name cat="hd">222582</name>
	<type>G5</type>
	<mass cite="santos2004a">1.02</mass>
	<metallicity error="0.05" cite="santos2004a">0.05</metallicity>
	<teff error="38" cite="santos2004a">5843</teff>
	<distance>42</distance>
	<position>23 41 51.5; &minus;05 59 09</position>
	<planet>
		<period>572</period>
		<mass>5.11</mass>
		<semimajor>1.35</semimajor>
		<eccentricity>0.76</eccentricity>
		<amplitude>191.3</amplitude>
		<reference cite="vogt2000" />
	</planet>
</star>
<star>
	<name cat="hd">223084</name>
	<planet status="retracted">
		<period>104.1</period>
	</planet>
</star>
<star>
	<name cat="hd">330075</name>
	<type cite="pepe2004">K1</type>
	<mass cite="pepe2004">0.7</mass>
	<period cite="pepe2004">48</period>
	<metallicity cite="santos2004x">0.08</metallicity>
	<luminosity>0.47</luminosity>
	<distance cite="hip">50.20</distance>
	<magnitude cite="hip">9.36</magnitude>
	<temperature cite="santos2004x">5017</temperature>
	<planet>
		<period error="0.00007" cite="pepe2004">3.38773</period>
		<amplitude error="0.5" cite="pepe2004">106.8</amplitude>
		<eccentricity cite="pepe2004">0</eccentricity>
		<mass cite="pepe2004">0.62</mass>
		<semimajor cite="pepe2004">0.039</semimajor>
		<reference cite="pepe2004" />
	</planet>
</star>
<star>
	<name cat="gj">876</name>
	<type>M4 V</type>
	<mass>0.32</mass>
	<distance>4.70</distance>
	<luminosity>0.0135</luminosity>
	<position>22 53 16.7; &minus;14 15 49</position>
	<planet>
		<period>30.12</period>
		<mass>0.56</mass>
		<semimajor>0.13</semimajor>
		<eccentricity>0.27</eccentricity>
		<amplitude>81.0</amplitude>
		<reference cite="marcy2001" />
	</planet>
	<planet>
		<period>61.02</period>
		<mass error="0.34" cite="benedict2002">1.89</mass>
		<semimajor error="0.01">0.21</semimajor>
		<eccentricity>0.10</eccentricity>
		<amplitude>210.0</amplitude>
		<inclination error="6" cite="benedict2002">84</inclination>
		<reference cite="benedict2002" />
		<reference cite="marcy1998" />
	</planet>
</star>
<star>
	<name cat="bd">&minus;10&deg;3166</name>
	<type>G4 V</type>
	<mass>1.10</mass>
	<position>10 58 28.8; &minus;10 46 13</position>
	<planet>
		<period>3.488</period>
		<mass>0.48</mass>
		<semimajor>0.05</semimajor>
		<eccentricity>0.07</eccentricity>
		<inclination>&lt; 84.3</inclination>
		<amplitude>59.9</amplitude>
		<reference cite="butler2000a" />
	</planet>
</star>
<star>
	<name cat="gsc">02652&minus;01324</name>
	<type cite="alonso2004">K0 V</type>
	<mass error="0.05">0.88</mass>
	<magnitude cite="alonso2004">11.79</magnitude>
	<position epoch="J2000.0">19 04 09.8; +36 37 57</position>
	<planet status="observed">
		<name>TrES-1</name>
		<period error="0.000008" cite="alonso2004">3.030065</period>
		<mass error="0.07" cite="alonso2004">0.75</mass>
		<semimajor error="0.0011" cite="alonso2004">0.0393</semimajor>
		<radius errpos="0.18" errneg="0.04" cite="alonso2004">1.08</radius>
		<inclination errpos="1.5" errneg="2.2" cite="alonso2004">88.5</inclination>
		<addition>2004-10-14</addition>
		<reference cite="alonso2004" rel="discovery" />
		<reference cite="sozzetti2004" />
	</planet>
</star>
<star>
	<name>OGLE-TR-56</name>
	<mass error="0.05">1.04</mass>
	<radius error="0.10">1.10</radius>
	<temperature>5900</temperature>
	<magnitude>16.6</magnitude>
	<distance>1500</distance>
	<position cite="udalski2002c">17 56 35.51; &minus;29 32 21.2</position>
	<planet status="observed">
		<period error="0.00001" cite="udalski2002c">1.121190</period>
		<mass error="0.3">0.9</mass>
		<radius error="0.15">1.30</radius>
		<density error="0.3">0.5</density>
		<temperature>1900</temperature>
		<semimajor>0.0225</semimajor>
		<depth error="0.05">1.15</depth>
		<addition>2003-01-04</addition>
		<reference cite="konacki2003" />
		<reference cite="udalski2002c" />
		<reference cite="udalski2002a" />
	</planet>
</star>
<star>
	<name>OGLE-TR-111</name>
	<type cite="pont2004">G or K</type>
	<mass errpos="0.15" errneg="0.02" cite="pont2004">0.82</mass>
	<magnitude band="I">15.55</magnitude>
	<distance cite="pont2004">1500</distance>
	<position epoch="J2000.0">10 53 17.91; &minus;61 24 20.3</position>
	<metallicity metal="Fe" error="0.28" cite="pont2004">0.12</metallicity>
	<planet status="observed">
		<period cite="pont2004">4.01610</period>
		<mass error="0.11" cite="pont2004">0.53</mass>
		<radius errpos="0.13" errneg="0.06" cite="pont2004">1.0</radius>
		<semimajor error="0.001" cite="pont2004">0.047</semimajor>
		<inclination error="1.75" cite="pont2004">88.25</inclination>
		<addition>2004-10-14</addition>
		<reference cite="pont2004" />
		<reference cite="udalski2002b" />
	</planet>
</star>
<star>
	<name>OGLE-TR-113</name>
	<mass error="0.06" cite="bouchy2004">0.77</mass>
	<radius error="0.025" cite="bouchy2004">0.765</radius>
	<metallicity error="0.14" cite="bouchy2004">0.14</metallicity>
	<temperature error="130" cite="bouchy2004">4752</temperature>
	<planet status="observed">
		<period cite="bouchy2004">1.4325</period>
		<mass error="0.22" cite="bouchy2004">1.35</mass>
		<radius errpos="0.07" errneg="0.05" cite="bouchy2004">1.08</radius>
		<semimajor error="0.0006" cite="bouchy2004">0.0228</semimajor>
		<amplitude error="42" cite="bouchy2004">287</amplitude>
		<addition>2004-04-14</addition>
		<reference rel="discovery" cite="bouchy2004" />
	</planet>
</star>
<star>
	<name>OGLE-TR-132</name>
	<mass error="0.10" cite="bouchy2004">1.34</mass>
	<radius errpos="0.49" errneg="0.10" cite="bouchy2004">1.41</radius>
	<metallicity error="0.18" cite="bouchy2004">0.43</metallicity>
	<temperature error="179" cite="bouchy2004">6411</temperature>
	<planet status="observed">
		<period cite="bouchy2004">1.68965</period>
		<mass error="0.31" cite="bouchy2004">1.01</mass>
		<radius errpos="0.80" errneg="0.13" cite="bouchy2004">1.15</radius>
		<semimajor error="0.0008" cite="bouchy2004">0.0306</semimajor>
		<amplitude error="42" cite="bouchy2004">141</amplitude>
		<addition>2004-04-14</addition>
		<reference rel="discovery" cite="bouchy2004" />
	</planet>
</star>
<star>
	<name>PSR 1257+12</name>
	<type>Pulsar</type>
	<distance>1600</distance>
	<frequency>161</frequency>
	<planet>
		<mass>3.4 M&#x2641;</mass>
		<period>79</period>
		<semimajor>0.36</semimajor>
		<eccentricity>0.018</eccentricity>
	</planet>
	<planet>
		<mass>2.8 M&#x2641;</mass>
		<period>118</period>
		<semimajor>0.47</semimajor>
		<eccentricity>0.026</eccentricity>
	</planet>
	<planet status="unknown">
		<mass>0.015 M&#x2641;</mass>
		<semimajor>0.19</semimajor>
	</planet>
</star>
<star>
	<name>PSR B1620&minus;26</name>
	<type>Pulsar</type>
	<planet>
		<mass error="1">2.5</mass>
		<semimajor>23</semimajor>
		<period>35000</period>
		<inclination errpos="14" errneg="8">55</inclination>
	</planet>
</star>
<citation id="hip" author="Hipparcos" />
<citation id="alonso2004" title="TrES-1: The Transiting Planet of a Bright K0 V Star" author="Alonso et al." authlist="Alonso, R., Brown, T., Torres, G., Latham, D., Sozzetti, A., Mandushev, G., Belmonte, J., Charbonneau, D., Deeg, H., Dunham, E., O&apos;Dovan, F., Stefanik, R." year="2004" journal="ApJ. Letters" volume="613" pages="L153" href="http://www.journals.uchicago.edu/ApJ/journal/issues/ApJL/v613n2/18794/brief/18794.abstract.html" />
<citation id="benedict2002" title="A Mass for the Extrasolar Planet Gliese 876b Determined from Hubble Space Telescope Fine Guidance Sensor 3 Astrometry and High-Precision Radial Velocities" author="Benedict et al." year="2002" journal="ApJ" volume="581" pages="L115-L118" href="http://arxiv.org/abs/astro-ph/0212101" />
<citation id="bouchy2004" title="Two new 'very hot Jupiters' among the OGLE transiting candidates" author="Bouchy et al." year="2004" journal="A&amp;A" href="http://arxiv.org/abs/astro-ph/0404264" />
<citation id="brown2000" title="The STARE Project: A Transit Search for Hot Jupiters" author="Brown &amp; Charbonneau" year="2000" href="http://arxiv.org/abs/astro-ph/0005009" />
<citation id="butler1996a" title="A Planetary Companion to 70 Virginis" author="Butler &amp; Marcy" authlist="Butler, R.P. &amp; Marcy, G.W." year="1996" journal="ApJ" volume="464" pages="L147" href="http://adsabs.harvard.edu/cgi-bin/nph-bib_query?bibcode=1996ApJ...464L.147M&amp;db_key=AST&amp;high=38963ea95c00297" />
<citation id="butler1996b" title="A Planet Orbiting 47 Urs&aelig; Majoris" author="Butler &amp; Marcy" authlist="Butler, R.P. &amp; Marcy, G.W." year="1996" journal="ApJ" volume="464" pages="L153" href="http://adsabs.harvard.edu/cgi-bin/nph-bib_query?bibcode=1996ApJ...464L.153B&amp;db_key=AST&amp;high=3b0b89f4cb19056" />
<citation id="butler1997" title="Three New '51 Pegasi-Type' Planets" author="Butler et al." authlist=" Butler, R.P., Marcy, G.W., Williams, E., Hauser, H., &amp; Shirts, P." year="1997" journal="ApJ" volume="474" pages="L115" href="http://adsabs.harvard.edu/cgi-bin/nph-bib_query?bibcode=1997ApJ...474L.115B&amp;db_key=AST&amp;high=38963ea95c08486" />
<citation id="butler1998" title="A Planet with a 3.1 Day Period around a Solar Twin" author="Butler et al." year="1998" journal="PASP" volume="110" issue="754" pages="1389-1393" href="http://adsabs.harvard.edu/cgi-bin/nph-bib_query?bibcode=1998PASP..110.1389B&amp;db_key=AST&amp;high=37f218e95e00084" />
<citation id="butler1999" title="Evidence for Multiple Companions to &upsilon; Andromed&aelig;" author="Butler et al." authlist="Butler, R.P., Marcy, G.W., Fischer, D.A., Brown, T.M., Contos, A.R., Korzennik, S.G., Nisenson, P. &amp; Noyes, R.W." year="1999" journal="ApJ" volume="526" pages="916" href="http://adsabs.harvard.edu/cgi-bin/nph-bib_query?bibcode=1999ApJ...526..916B&amp;db_key=AST&amp;high=37f218e95e29178" />
<citation id="butler2000a" title="Planetary Companions to the Metal-rich Stars BD &minus;10&deg;3166 and HD 52265" author="Butler et al." year="2000" journal="ApJ" volume="545" pages="504-511" href="http://www.journals.uchicago.edu/ApJ/journal/issues/ApJ/v545n1/51793/brief/51793.abstract.html" />
<citation id="butler2000b" author="Butler et al." year="2000" journal="ApJ" />
<citation id="butler2001" title="Two New Planets from the Anglo-Australian Planet Search" author="Butler et al." year="2001" journal="ApJ" volume="555" pages="410-417" href="http://adsabs.harvard.edu/cgi-bin/nph-bib_query?bibcode=2001ApJ...555..410B&amp;db_key=AST&amp;high=3eadc56af514506" />
<citation id="butler2002" title="On the Double Planet System Around HD 83443" author="Butler et al." year="2002" journal="ApJ" volume="578" pages="565" href="http://arxiv.org/abs/astro-ph/0206178" />
<citation id="butler2003" title="Seven New Keck Planets Orbiting G and K Dwarfs" author="Butler et al." year="2003" journal="ApJ" volume="582" pages="455-466" href="http://adsabs.harvard.edu/cgi-bin/nph-bib_query?bibcode=2003ApJ...582..455B&amp;db_key=AST&amp;high=3ce6ae2f4208977" />
<citation id="ccps114762" author="California &amp; Carnegie Planet Search Team" href="http://exoplanets.org/esp/hd114762/hd114762.shtml" />
<citation id="cameron1999" author="Collier Cameron et al." year="1999" journal="Nature" volume="402" pages="751" />
<citation id="cameron2000" title="&tau; Bo&ouml; b: Not so bright, but just as heavy" author="Collier Cameron et al." year="2000" href="http://arxiv.org/abs/astro-ph/0012186" />
<citation id="campbell1988" title="A Search for Substellar Companions to Solar-Type Stars" author="Campbell, Walker &amp; Yang" authlist="Campbell, B., Walker, G.A.H. &amp; Yang, S." year="1988" journal="ApJ" volume="331" pages="902-921" href="http://adsbit.harvard.edu/cgi-bin/nph-iarticle_query?bibcode=1988ApJ...331..902C" />
<citation id="carter2003" title="A Planet in a Circular Orbit with a 6 Year Period" author="Carter et al." year="2003" journal="ApJ" volume="593" pages="L43-L46" href="http://arxiv.org/abs/astro-ph/0307066" />
<citation id="charbonneau1999" title="An Upper Limit on the Reflected Light from the Planet Orbiting the Star &tau; Bo&ouml;tis" author="Charbonneau et al." year="1999" href="http://arxiv.org/abs/astro-ph/9907195" />
<citation id="charbonneau2000a" title="Detection of Planetary Transits Across a Sun-like Star" author="Charbonneau et al." authlist="Charbonneau, D., Brown, T.M., Latham, D. &amp; Mayor, M." year="2000" journal="ApJ" volume="529" pages="L45-L48" href="http://arxiv.org/abs/astro-ph/9911436" />
<citation id="charbonneau2000b" title="Present and Near-Future Reflected Light Searches for Close-In Planets" author="Charbonneau &amp; Noyes" year="2000" href="http://arxiv.org/abs/astro-ph/0002489" />
<citation id="charbonneau2002a" title="Detection of an Extrasolar Planet Atmosphere" author="Charbonneau et al." year="2002" href="http://www.astro.caltech.edu/~dc/atmosphere.pdf" />
<citation id="charbonneau2002b" title="HD 209458 and the Power of the Dark Side" author="Charbonneau" authlist="Charbonneau, D." year="2002" href="http://arxiv.org/abs/astro-ph/0209517" />
<citation id="cochran1997" title="The Discovery of a Planetary Companion to 16 Cygni B" author="Cochran et al." authlist="Cochran, W.D., Hatzes, A.P., Butler, R.P., Marcy, G.W." year="1997" journal="ApJ" volume="483" pages="457" href="http://adsabs.harvard.edu/cgi-bin/nph-bib_query?bibcode=1997ApJ...483..457C&amp;db_key=AST&amp;high=38963ea95c08414" />
<citation id="cochran2004" title=" The First HET Planet: A Companion to HD 37605" author="Cochran et al." authlist="Cochran, W.D., Endl, M., McArthur, B., Paulson, D.B., Smith, V.V., MacQueen, P.J., Tull, R.G., Good, J., Booth, J., Shetrone, M., Roman, B., Odewahn, S., Deglman, F., Graver, M., Soukup, M., Villarreal Jr., M.L." year="2004" journal="ApJ" href="http://arxiv.org/abs/astro-ph/0407146" />
<citation id="cumming1999" author="Cumming, Marcy &amp; Butler" year="1999" journal="ApJ" volume="526" pages="890" />
<citation id="desidera2003" title="A search for planets in the metal-enriched binary HD 219542" author="Desidera et al." year="2003" journal="A&amp;A" volume="405" pages="207" href="http://arxiv.org/abs/astro-ph/0304117" />
<citation id="desidera2004" title="No Planet Around HD 219542 B" author="Desidera et al." year="2004" journal="A&amp;A" href="http://arxiv.org/abs/astro-ph/0405054" />
<citation id="drake1993" author="Drake &amp; Smith" year="1993" journal="ApJ" volume="412" pages="797" />
<citation id="fischer1999" title="Planetary Companions around Two Solar-Type Stars: HD 195019 and HD 217107" author="Fischer et al." authlist="Fischer, D.A., Marcy, G.W., Butler, R.P., Vogt, S.S., Apps, K." year="1999" journal="PASP" volume="111" issue="755" pages="50-56" href="http://adsabs.harvard.edu/cgi-bin/nph-bib_query?bibcode=1999PASP..111...50F&amp;db_key=AST&amp;high=3636397ac625502" />
<citation id="fischer2001" title="Planetary Companions to HD 12661, HD 92788, and HD 38529 and Variations in Keplerian Residuals of Extrasolar Planets" author="Fischer et al." year="2001" journal="ApJ" volume="551" pages="1107-1118" href="http://adsabs.harvard.edu/cgi-bin/nph-bib_query?bibcode=2001ApJ...551.1107F&amp;db_key=AST&amp;high=3ce6ae2f4227195" />
<citation id="fischer2002a" title="A Second Planet Orbiting 47 Urs&aelig; Majoris" author="Fischer et al." year="2002" journal="ApJ" volume="564" pages="1028-1034" href="http://adsabs.harvard.edu/cgi-bin/nph-bib_query?bibcode=2002ApJ...564.1028F&amp;db_key=AST&amp;high=3eadc56af503768" />
<citation id="fischer2002b" title="Planetary Companions to HD 136118, HD 50554, and HD 106252" author="Fischer et al." year="2002" journal="PASP" volume="114" issue="795" pages="529-535" href="http://adsabs.harvard.edu/cgi-bin/nph-bib_query?bibcode=2002PASP..114..529F&amp;db_key=AST&amp;high=3eadc56af516041" />
<citation id="fischer2003a" title="A Sub-Saturn Mass Planet Orbiting HD 3651" author="Fischer et al." year="2003" journal="ApJ" volume="590" pages="1081-1087" href="http://adsabs.harvard.edu/cgi-bin/nph-bib_query?bibcode=2003ApJ...590.1081F&amp;db_key=AST&amp;high=3e740ba0d804592" />
<citation id="fischer2003b" title="A Planetary Companion to HD 40979 and Additional Planets Orbiting HD 12661 and HD 38529" author="Fischer et al." year="2003" journal="ApJ" volume="586" pages="1394-1408" href="http://adsabs.harvard.edu/cgi-bin/nph-bib_query?bibcode=2003ApJ...586.1394F&amp;db_key=AST&amp;high=3eadc56af500828" />
<citation id="flower1996" author="Flower" authlist="Flower, P.J." year="1996" journal="ApJ" volume="469" pages="355" />
<citation id="fortney2003" title="On the Indirect Detection of Sodium in the Atmosphere of the Planetary Companion to HD 209458" author="Fortney et al." year="2003" href="http://arxiv.org/abs/astro-ph/0208263" />
<citation id="frink2002" title="Discovery of a Substellar Companion to the K2 III Giant &iota; Draconis" author="Frink et al." year="2002" journal="ApJ" volume="576" pages="478-484" href="http://adsabs.harvard.edu/cgi-bin/nph-bib_query?bibcode=2002ApJ...576..478F&amp;db_key=AST&amp;high=3eadc56af518726" />
<citation id="gray1995" author="Gray &amp; Baliunas" year="1995" journal="ApJ" volume="441" pages="436" />
<citation id="mitchell2004" author="Mitchell et al." year="2004" conference="Meeting of the AAS" />
<citation id="hatzes2000" author="Hatzes et al." authlist=" Hatzes, A.P., Cochran, W.D, McArthur, B., Baliunas, S.L., Walker, G.A.H., Campbell, B., Irwin, A.W., Yang, S., K&uuml;rster, M., Endl, M., Els, S., Butler, R.P. &amp; Marcy, G.W." year="2000" journal="ApJ" volume="544" pages="L145" />
<citation id="hatzes2002" author="Hatzes et al." year="2002" conference="Planetary Systems and their Formation" location="Berlin, Germany" href="http://www.as.utexas.edu/planet/gamcep.html" />
<citation id="henry2000" title="A Transiting '51 Peg-like' Planet" author="Henry et al." authlist="Henry, G.W., Marcy, G.W., Butler, R.P. &amp; Vogt, S.S." year="2000" journal="ApJ" volume="529" pages="L41-L44" href="http://adsabs.harvard.edu/cgi-bin/nph-bib_query?bibcode=2000ApJ...529L..41H&amp;db_key=AST&amp;high=38963ea95c00365" />
<citation id="henry2002" title="A False Planet around HD 192263" author="Henry et al." authlist="Henry, G.W., Donahue, R.A., Baliunas, S.L." year="2002" journal="ApJ" volume="577" pages="L111-L114" href="http://adsabs.harvard.edu/cgi-bin/nph-bib_query?bibcode=2002ApJ...577L.111H&amp;db_key=AST&amp;high=3ec929de8519062" />
<citation id="jones2002a" title="A probable planetary companion to HD 39091 from the Anglo-Australian Planet Search" author="Jones et al." year="2002" journal="MNRAS" volume="333" issue="4" pages="871-875" href="http://adsabs.harvard.edu/cgi-bin/nph-bib_query?bibcode=2002MNRAS.333..871J&amp;db_key=AST&amp;high=3eadc56af510439" />
<citation id="jones2002b" title="Extra-solar planets around HD 196050, HD 216437 and HD 160691" author="Jones et al." year="2002" journal="MNRAS" volume="337" issue="4" pages="1170-1178" href="http://adsabs.harvard.edu/cgi-bin/nph-bib_query?bibcode=2002MNRAS.337.1170J&amp;db_key=AST&amp;high=3eadc56af523491" />
<citation id="jones2003" title="An exoplanet in orbit around &tau;&sup1; Gruis" author="Jones et al." year="2003" journal="MNRAS" volume="341" pages="948" href="http://arxiv.org/abs/astro-ph/0209302" />
<citation id="konacki2003" title="A New Transiting Extrasolar Giant Planet" author="Konacki et al." year="2003" journal="Nature" volume="421" pages="507" href="http://arxiv.org/abs/astro-ph/0301052" />
<citation id="korzennik2000" title="A High-Eccentricity Low-Mass Companion to HD 89744" author="Korzennik et al." authlist="" year="2000" journal="ApJ" volume="533" pages="L147-L150" href="http://adsabs.harvard.edu/cgi-bin/nph-bib_query?bibcode=2000ApJ...533L.147K&amp;db_key=AST&amp;high=3eadc56af513161" />
<citation id="kurster2000" title="An extrasolar giant planet in an Earth-like orbit. Precise radial velocities of the young star &iota; Horologii" author="K&uuml;rster et al." authlist="K&uuml;rster, M., Endl, M., Els, S., Hatzes, A. P., Cochran, W. D., Dobereiner, S. &amp; Dennerl, K." year="2000" journal="A&amp;A" volume="353" pages="L33-L36" href="http://adsabs.harvard.edu/cgi-bin/nph-bib_query?bibcode=2000A%26A...353L..33K&amp;db_key=AST&amp;high=38d49d7e5210668" />
<citation id="latham1989" title="The unseen companion of HD 114762 - A probable brown dwarf" author="Latham et al." year="1989" journal="Nature" volume="339" pages="38-40" href="http://adsabs.harvard.edu/cgi-bin/nph-bib_query?bibcode=1989Natur.339...38L&amp;db_key=AST&amp;high=38e3791fce15671" />
<citation id="lawton1989" title="A planetary system for Gamma Cephei?" author="Lawton &amp; Wright" authlist="Lawton, A.T., Wright, P." year="1989" journal="BIS Journal" volume="42" pages="335-336" href="http://cdsads.u-strasbg.fr/cgi-bin/nph-bib_query?1989JBIS...42..335L&amp;db_key=AST&amp;nosetcookie=1" />
<citation id="marcy1997" title="The Planet around 51 Pegasi" author="Marcy et al." year="1997" journal="ApJ" volume="481" page="926" href="http://adsabs.harvard.edu/cgi-bin/nph-bib_query?bibcode=1997ApJ...481..926M&amp;db_key=AST&amp;high=38963ea95c00663" />
<citation id="marcy1998" title="A Planetary Companion to a Nearby M4 Dwarf, Gliese 876" author="Marcy et al." year="1998" journal="ApJ" volume="505" pages="L147-L149" href="http://adsabs.harvard.edu/cgi-bin/nph-bib_query?bibcode=1998ApJ...505L.147M&amp;db_key=AST&amp;high=37f218e95e00084" />
<citation id="marcy1999" title="Two New Candidate Planets in Eccentric Orbits" author="Marcy et al." year="1999" journal="ApJ" volume="520" pages="239-247" href="http://adsabs.harvard.edu/cgi-bin/nph-bib_query?bibcode=1999ApJ...520..239M&amp;db_key=AST&amp;high=37f218e95e29832" />
<citation id="marcy2000" title="Sub-Saturn Planetary Candidates of HD 16141 and HD 46375" author="Marcy et al." year="2000" href="http://adsabs.harvard.edu/cgi-bin/nph-bib_query?bibcode=2000ApJ...536L..43M&amp;db_key=AST&amp;high=3ec2d03d7625673" />
<citation id="marcy2001" author="Marcy et al. (?)" year="2001" journal="ApJ" volume="556" />
<citation id="marcy2002" title="A Planet at 5 AU around 55 Cancri" author="Marcy et al." authlist="Marcy, G.W., Butler, R.P., Fischer, D.A., Laughlin, G., Vogt, S.S., Henry, G.W., Pourbaix, D." year="2002" journal="ApJ" volume="581" pages="1375-1388" href="http://adsabs.harvard.edu/cgi-bin/nph-bib_query?bibcode=2002ApJ...581.1375M&amp;db_key=AST&amp;high=3eadc56af501620" />
<citation id="mayor1995" title="A Jupiter-Mass Companion to a Solar-Type Star" author="Mayor &amp; Queloz," year="1995" journal="Nature" volume="378" pages="355" href="http://adsabs.harvard.edu/cgi-bin/nph-bib_query?bibcode=1995Natur.378..355M&amp;db_key=AST&amp;high=3e772a4cc723864" />
<citation id="mayor2002" title="HD 83443: A system with two Saturns" author="Mayor et al." year="2002" conference="IAU General Assembly, Symposium 202" location="Manchester, United Kingdom" href="http://astron.berkeley.edu/~gmarcy/HD 83443/iau202_mayor.ps" />
<citation id="mayor2003" author="Mayor et al." year="2003" conference="XIXth IAP Colloquium 'Extrasolar Planets: Today &amp; Tormorrow'" location="Paris, France" />
<citation id="mayor2003x" author="Mayor et al." year="2003" />
<citation id="mayor2004" title="The CORALIE survey for southern extra-solar planets. XII. Orbital solutions for 16 extra-solar planets detected with CORALIE" author="Mayor et al." year="2004" journal="A&amp;A" volume="415" pages="391-402" href="http://arxiv.org/abs/astro-ph/0310316" />
<citation id="mazeh2000" author="Mazeh et al." year="2000" journal="ApJ" volume="532" pages="L55" />
<citation id="naef2001a" title="HD 80606 b, a planet on an extremely elongated orbit" author="Naef et al." year="2001" journal="A&amp;A" volume="375" pages="L27-L30" href="http://adsabs.harvard.edu/cgi-bin/nph-bib_query?bibcode=2001A%26A...375L..27N&amp;db_key=AST&amp;high=3d9ff3809802744" />
<citation id="naef2001b" title="The CORALIE survey for southern extra-solar planets. V. Three new extrasolar planets" author="Naef et al." year="2001" journal="A&amp;A" volume="375" pages="205-218" href="http://arxiv.org/abs/astro-ph/0106255" />
<citation id="naef2003" title="The ELODIE survey for northern extra-solar planets. II. A Jovian planet on a long-period orbit around GJ777 A" author="Naef et al." year="2003" journal="A&amp;A" href="http://arxiv.org/abs/astro-ph/0306586" />
<citation id="naef2004" title="The ELODIE survey for northern extra-solar planets. III. Three planetary candidates detected with ELODIE" author="Naef et al." year="2004" journal="A&amp;A" volume="414" pages="351" href="http://arxiv.org/abs/astro-ph/0310261" />
<citation id="noyes1997a" title="A Planet Orbiting the Star &rho; Coron&aelig; Borealis" author="Noyes et al." year="1997" journal="ApJ" volume="483" pages="111" href="http://adsabs.harvard.edu/cgi-bin/nph-bib_query?bibcode=1997ApJ...483L.111N&amp;db_key=AST&amp;high=38963ea95c00532" />
<citation id="noyes1997b" title="A Planet Orbiting the Star &rho; Coron&aelig; Borealis: Erratum" author="Noyes et al." year="1997" journal="ApJ" volume="487" pages="196" href="http://adsabs.harvard.edu/cgi-bin/nph-bib_query?bibcode=1997ApJ...487L.195N&amp;db_key=AST&amp;high=38963ea95c00532" />
<citation id="pepe2002" title="The CORALIE survey for southern extra-solar planets. VII. Two short-period Saturnian companions to HD 108147 and HD 168746" author="Pepe et al." year="2002" journal="A&amp;A" href="http://arxiv.org/abs/astro-ph/0202457" />
<citation id="pepe2004" title="The HARPS search for southern extra-solar planets. I. HD 330075b: a new Hot Jupiter" author="Pepe et al." year="2004" journal="A&amp;A" />
<citation id="perrier2003" title="The ELODIE survey for northern extra-solar planets. I. Six new extra-solar planet candidates" author="Perrier et al." year="2003" journal="A&amp;A" href="http://arxiv.org/abs/astro-ph/0308281" />
<citation id="pont2004" title="The &quot;missing link&quot;: a 4-day period transiting exoplanet around  OGLE-TR-111" author="Pont et al." authlist="Pont, F., Bouchy, F., Queloz, D., Santos, N., Melo, C., Mayor, M., Udry, S." year="2004" journal="A&amp;A Letters" href="http://arxiv.org/abs/astro-ph/0408499" />
<citation id="prieto2000" author="Prieto et al." year="2000" journal="ApJ" volume="528" pages="885" />
<citation id="queloz2000a" title="The CORALIE survey for southern extra-solar planets. I. A planet orbiting the star Gliese 86" author="Queloz et al." authlist="Queloz, D., Mayor, M., Weber, L., Blecha, A., Burnet, M., Confino, B., Naef, D., Pepe, F., Santos, N.C., Udry, S." year="2000" journal="A&amp;A" volume="354" pages="99-102" href="http://aa.springer.de/papers/0354001/2300099/small.htm" />
<citation id="queloz2000b" title="" author="Queloz et al." year="2000" conference="IAU General Assembly, Symposium 202" location="Manchester, United Kingdom" href="http://obswww.unige.ch/Exoplanets/publi/queloz_d.ps.gz" />
<citation id="santos2000a" author="Santos et al." year="2000" />
<citation id="santos2000b" title="The CORALIE survey for southern extra-solar planets. III. A giant planet in orbit around HD 192263" author="Santos et al." year="2000" journal="A&amp;A" volume="356" pages="599-602" href="http://adsabs.harvard.edu/cgi-bin/nph-bib_query?bibcode=2000A%26A...356..599S&amp;db_key=AST&amp;high=3ecb40789e27240" />
<citation id="santos2001" title="The CORALIE survey for southern extra-solar planets. VI. New long period giant planets around HD 28185 and HD 213240" author="Santos et al." year="2001" journal="A&amp;A" volume="379" pages="999-1004" href="http://adsabs.harvard.edu/cgi-bin/nph-bib_query?bibcode=2001A%26A...379..999S&amp;db_key=AST&amp;high=3d9ff3809802920" />
<citation id="santos2002" title="The CORALIE survey for southern extra-solar planets. IX. A 1.3-day period  brown dwarf disguised as a planet" author="Santos et al." year="2002" journal="A&amp;A" href="http://arxiv.org/abs/astro-ph/0206213" />
<citation id="santos2003" title="The CORALIE survey for southern extra-solar planets. XI. The return of the giant planet orbiting HD 192263" author="Santos et al." authlist="Santos, N.C., Israelian, G. &amp; Mayor, M." year="2003" journal="A&amp;A" volume="406" pages="373-382" href="http://arxiv.org/abs/astro-ph/0305434" />
<citation id="santos2004a" title="Spectroscopic [Fe/H] for 98 extra-solar planet-host stars: Exploring the probability of planet formation" author="Santos et al." authlist="Santos, N.C., Israelian, G. &amp; Mayor, M." year="2004" journal="A&amp;A" volume="415" pages="1153" href="http://arxiv.org/abs/astro-ph/0311541" />
<citation id="santos2004b" title="The HARPS survey for southern extra-solar planets. II. A 14 Earth-mass planet around &mu; Arae" author="Santos et al." authlist="Santos, N.C., Bouchy, F., Pepe, F., Queloz, D., Udry, S., Lovis, C., Bazot, M., Benz, W., Bertaux, J.-L., Lo Curot, G., Delfosse, X., Mordasini, C., Naef, D., Sivan, J.-P., Vauclair, S." year="2004" journal="A&amp;A" href="http://astro.oal.ul.pt/~nuno/hd160691_letter.pdf" />
<citation id="setiawan2003" title="Evidence of a Sub-Stellar Companion around HD 47536" author="Setiawan et al." year="2003" journal="A&amp;A" volume="398" pages="L19" href="http://www.eso.org/outreach/press-rel/pr&minus;2003/pr&minus;03&minus;03.html" />
<citation id="sozzetti2004" title="High-Resolution Spectroscopy of the Transiting Planet Host Star TrES-1" author="Sozzetti et al." authlist="Sozzetti, A., Young, D., Torres, G., Charbonneau, D., Latham, D., Allende Prieto, C., Brown, T., Carney, B., Laird, J." year="2004" journal="ApJ Letters" />
<citation id="tinney2001" title="First Results from the Anglo-Australian Planet Search: A Brown Dwarf Candidate and a 51 Peg-like Planet" author="Tinney et al." year="2001" href="http://adsabs.harvard.edu/cgi-bin/nph-bib_query?bibcode=2001ApJ...551..507T&amp;db_key=AST&amp;high=3eadc56af512634" />
<citation id="tinney2002" title="Two Extrasolar Planets from the Anglo-Australian Planet Search" author="Tinney et al." year="2002" journal="ApJ" volume="571" pages="528-531" href="http://adsabs.harvard.edu/cgi-bin/nph-bib_query?bibcode=2002ApJ...571..528T&amp;db_key=AST&amp;high=3eadc56af511763" />
<citation id="tinney2003" title="Four new planets orbiting somewhat metal-enriched stars" author="Tinney et al." year="2003" journal="ApJ" volume="587" pages="423-428" href="http://arxiv.org/abs/astro-ph/0207128" />
<citation id="udalski2002a" author="Udalski et al." year="2002" journal="IAU Circular" volume="7925" />
<citation id="udalski2002b" title="The Optical Gravitational Lensing Experiment. Search for Planetary and  Low-Luminosity Object Transits in the Galactic Disk." author="Udalski et al." year="2002" journal="Acta Astronomica" volume="52" pages="317" href="http://arxiv.org/abs/astro-ph/0301210" />
<citation id="udalski2002c" title="The Optical Gravitational Lensing Experiment. Search for Planetary and  Low-Luminosity Object Transits in the Galactic Disk. Results of 2001 Campaign  - Supplement" author="Udalski et al." year="2002" journal="Acta Astronomica" volume="52" pages="115" href="http://arxiv.org/abs/astro-ph/0207133" />
<citation id="udry2000" title="The CORALIE survey for southern extra-solar planets. II. The short-period planetary companions to HD 75289 and HD 130322" author="Udry et al." authlist="Udry, S., Mayor, M., Naef, D., Pepe, F., Queloz, D., Santos, N.C., Burnet, M., Confino, B. &amp; Melo, C." year="2000" journal="A&amp;A" volume="356" pages="590-598" href="http://adsabs.harvard.edu/cgi-bin/nph-bib_query?bibcode=2000A%26A...356..590U&amp;db_key=AST&amp;high=3d9ff3809802406" />
<citation id="udry2002" title="The CORALIE survey for southern extra-solar planets. VIII. The very low-mass companions of HD 141937, HD 162020, HD 168443 and HD 202206: Brown dwarfs or 'superplanets'?" author="Udry et al." authlist="Udry, S., Mayor, M., Naef, D., Pepe, F., Queloz, D., Santos, N.C., Burnet, M." year="2002" journal="A&amp;A" volume="390" pages="267" href="http://arxiv.org/abs/astro-ph/0202458" />
<citation id="udry2003" title="The CORALIE survey for southern extra-solar planets. X. A Hot Jupiter orbiting HD 73256" author="Udry et al." year="2003" href="http://arxiv.org/abs/astro-ph/0304248" />
<citation id="udry2003x" author="Udry et al." year="2003" />
<citation id="vogt2000" title="Six New Planets from the Keck Precision Velocity Survey" author="Vogt et al." year="2000" journal="ApJ" volume="536" pages="902-914" href="http://adsabs.harvard.edu/cgi-bin/nph-bib_query?bibcode=2000ApJ...536..902V&amp;db_key=AST" />
<citation id="vogt2002" title="Ten Low-Mass Companions from the Keck Precision Velocity Survey" author="Vogt et al." year="2002" journal="ApJ" volume="568" pages="352-362" href="http://adsabs.harvard.edu/cgi-bin/nph-bib_query?bibcode=2002ApJ...568..352V&amp;db_key=AST&amp;high=3eadc56af516744" />
<citation id="walker1992" title="&gamma; Cephei: Rotation or Planetary Companion?" author="Walker et al." authlist="Walker, G.A.H., Bohlender, D.A., Walker, A.R., Irwin, A.W., Stephenson, L.S., Larson, A." year="1992" journal="ApJ" volume="396" pages="L91-L94" href="http://adsbit.harvard.edu/cgi-bin/nph-iarticle_query?bibcode=1992ApJ...396L..91W" />
<citation id="wittenmyer2003" author="Wittenmyer et al." year="2003" />
<citation id="zucker2002" title="A Planet Candidate in the Stellar Triple System HD 178911" author="Zucker et al." year="2002" journal="ApJ" volume="568" pages="363-368" href="http://adsabs.harvard.edu/cgi-bin/nph-bib_query?bibcode=2002ApJ...568..363Z&amp;db_key=AST&amp;high=3eadc56af506768" />
<citation id="unknown2001" year="2001" journal="ApJ" volume="555" />
</catalogue>
